/*
 Navicat Premium Data Transfer

 Source Server         : projekat_PSEP
 Source Server Type    : MariaDB
 Source Server Version : 100424
 Source Host           : localhost:3306
 Source Schema         : projekat

 Target Server Type    : MariaDB
 Target Server Version : 100424
 File Encoding         : 65001

 Date: 25/04/2023 15:10:48
*/

SET NAMES utf8mb4;
SET FOREIGN_KEY_CHECKS = 0;

-- ----------------------------
-- Table structure for dnevnik
-- ----------------------------
DROP TABLE IF EXISTS `dnevnik`;
CREATE TABLE `dnevnik`  (
  `dnevnik_id` int(11) UNSIGNED NOT NULL AUTO_INCREMENT,
  `stranica` varchar(255) CHARACTER SET utf8 COLLATE utf8_unicode_ci NOT NULL,
  `radnja` varchar(255) CHARACTER SET utf8 COLLATE utf8_unicode_ci NOT NULL,
  `datum_i_vreme` datetime(0) NOT NULL,
  `korisnik_id` int(10) UNSIGNED NULL DEFAULT NULL,
  `sluzbenik_id` int(10) UNSIGNED NULL DEFAULT NULL,
  `ip_adresa` varchar(20) CHARACTER SET utf8 COLLATE utf8_unicode_ci NOT NULL,
  `grad` varchar(100) CHARACTER SET utf8 COLLATE utf8_unicode_ci NOT NULL,
  `drzava` varchar(100) CHARACTER SET utf8 COLLATE utf8_unicode_ci NOT NULL,
  PRIMARY KEY (`dnevnik_id`) USING BTREE,
  INDEX `fk_dnevnik_korisnik_korisnik_id`(`korisnik_id`) USING BTREE,
  CONSTRAINT `fk_dnevnik_korisnik_korisnik_id` FOREIGN KEY (`korisnik_id`) REFERENCES `korisnik` (`korisnik_id`) ON DELETE RESTRICT ON UPDATE CASCADE
) ENGINE = InnoDB AUTO_INCREMENT = 7143 CHARACTER SET = utf8 COLLATE = utf8_unicode_ci ROW_FORMAT = Dynamic;

-- ----------------------------
-- Records of dnevnik
-- ----------------------------
INSERT INTO `dnevnik` VALUES (6167, 'https://localhost:3000/dodajKorisnika', 'Službenik započeo dodavanje korisnika.', '2023-03-07 13:54:41', NULL, 1, '92.244.136.251', 'Belgrade', 'Serbia');
INSERT INTO `dnevnik` VALUES (6168, 'https://localhost:3000/sluzbenikPocetna', 'Službenik završio dodavanje korisnika.', '2023-03-07 13:54:45', NULL, 1, '92.244.136.251', 'Belgrade', 'Serbia');
INSERT INTO `dnevnik` VALUES (6169, 'https://localhost:3000/sluzbenikPocetna', 'Službenik početna.', '2023-03-07 13:54:45', NULL, 1, '92.244.136.251', 'Belgrade', 'Serbia');
INSERT INTO `dnevnik` VALUES (6170, 'https://localhost:3000/dodajKorisnika', 'Službenik započeo dodavanje korisnika.', '2023-03-07 16:08:44', NULL, 1, '92.244.136.251', 'Belgrade', 'Serbia');
INSERT INTO `dnevnik` VALUES (6171, 'https://localhost:3000/dodajKorisnika', 'Službenik dodao novog korisnika.', '2023-03-07 16:10:43', NULL, 1, '92.244.136.251', 'Belgrade', 'Serbia');
INSERT INTO `dnevnik` VALUES (6172, 'https://localhost:3000/dodajRacun', 'Službenik završio dodavanje korisnika.', '2023-03-07 16:10:43', NULL, 1, '92.244.136.251', 'Belgrade', 'Serbia');
INSERT INTO `dnevnik` VALUES (6173, 'https://localhost:3000/dodajRacun', 'Službenik započeo dodavanje računa za novog korisnika.', '2023-03-07 16:10:43', NULL, 1, '92.244.136.251', 'Belgrade', 'Serbia');
INSERT INTO `dnevnik` VALUES (6174, 'https://localhost:3000/dodajKorisnika', 'Službenik završio dodavanje računa za novog korisnika', '2023-03-07 16:11:22', NULL, 1, '92.244.136.251', 'Belgrade', 'Serbia');
INSERT INTO `dnevnik` VALUES (6175, 'https://localhost:3000/dodajKorisnika', 'Službenik započeo dodavanje korisnika.', '2023-03-07 16:11:22', NULL, 1, '92.244.136.251', 'Belgrade', 'Serbia');
INSERT INTO `dnevnik` VALUES (6176, 'https://localhost:3000/dodajKorisnika', 'Službenik započeo dodavanje korisnika.', '2023-03-07 16:12:31', NULL, 1, '92.244.136.251', 'Belgrade', 'Serbia');
INSERT INTO `dnevnik` VALUES (6177, 'https://localhost:3000/dodajKorisnika', 'Službenik dodao novog korisnika.', '2023-03-07 16:16:53', NULL, 1, '92.244.136.251', 'Belgrade', 'Serbia');
INSERT INTO `dnevnik` VALUES (6178, 'https://localhost:3000/dodajRacun', 'Službenik završio dodavanje korisnika.', '2023-03-07 16:16:53', NULL, 1, '92.244.136.251', 'Belgrade', 'Serbia');
INSERT INTO `dnevnik` VALUES (6179, 'https://localhost:3000/dodajRacun', 'Službenik započeo dodavanje računa za novog korisnika.', '2023-03-07 16:16:53', NULL, 1, '92.244.136.251', 'Belgrade', 'Serbia');
INSERT INTO `dnevnik` VALUES (6180, 'https://localhost:3000/dodajKorisnika', 'Službenik završio dodavanje računa za novog korisnika', '2023-03-07 16:17:25', NULL, 1, '92.244.136.251', 'Belgrade', 'Serbia');
INSERT INTO `dnevnik` VALUES (6181, 'https://localhost:3000/dodajKorisnika', 'Službenik započeo dodavanje korisnika.', '2023-03-07 16:17:25', NULL, 1, '92.244.136.251', 'Belgrade', 'Serbia');
INSERT INTO `dnevnik` VALUES (6182, 'https://localhost:3000/sluzbenikPocetna', 'Službenik početna.', '2023-03-07 16:18:52', NULL, 1, '92.244.136.251', 'Belgrade', 'Serbia');
INSERT INTO `dnevnik` VALUES (6183, 'https://localhost:3000/sluzbenikPocetna', 'Službenik završio dodavanje korisnika.', '2023-03-07 16:18:52', NULL, 1, '92.244.136.251', 'Belgrade', 'Serbia');
INSERT INTO `dnevnik` VALUES (6184, 'https://localhost:3000/dodajKorisnika', 'Službenik započeo dodavanje korisnika.', '2023-03-07 17:10:24', NULL, 1, '92.244.136.251', 'Belgrade', 'Serbia');
INSERT INTO `dnevnik` VALUES (6185, 'https://localhost:3000/dodajKorisnika', 'Službenik započeo dodavanje korisnika.', '2023-03-07 17:15:34', NULL, 1, '92.244.136.251', 'Belgrade', 'Serbia');
INSERT INTO `dnevnik` VALUES (6186, 'https://localhost:3000/dodajKorisnika', 'Službenik završio dodavanje korisnika.', '2023-03-07 17:19:56', NULL, 1, '92.244.136.251', 'Belgrade', 'Serbia');
INSERT INTO `dnevnik` VALUES (6187, 'https://localhost:3000/dodajKorisnika', 'Službenik započeo dodavanje korisnika.', '2023-03-07 17:19:56', NULL, 1, '92.244.136.251', 'Belgrade', 'Serbia');
INSERT INTO `dnevnik` VALUES (6188, 'https://localhost:3000/dodajKorisnika', 'Službenik započeo dodavanje korisnika.', '2023-03-07 17:24:20', NULL, 1, '92.244.136.251', 'Belgrade', 'Serbia');
INSERT INTO `dnevnik` VALUES (6189, 'https://localhost:3000/dodajKorisnika', 'Službenik završio dodavanje korisnika.', '2023-03-07 17:25:14', NULL, 1, '92.244.136.251', 'Belgrade', 'Serbia');
INSERT INTO `dnevnik` VALUES (6190, 'https://localhost:3000/dodajKorisnika', 'Službenik započeo dodavanje korisnika.', '2023-03-07 17:25:14', NULL, 1, '92.244.136.251', 'Belgrade', 'Serbia');
INSERT INTO `dnevnik` VALUES (6191, 'https://localhost:3000/dodajKorisnika', 'Službenik završio dodavanje korisnika.', '2023-03-07 17:25:32', NULL, 1, '92.244.136.251', 'Belgrade', 'Serbia');
INSERT INTO `dnevnik` VALUES (6192, 'https://localhost:3000/dodajKorisnika', 'Službenik započeo dodavanje korisnika.', '2023-03-07 17:25:32', NULL, 1, '92.244.136.251', 'Belgrade', 'Serbia');
INSERT INTO `dnevnik` VALUES (6193, 'https://localhost:3000/dodajKorisnika', 'Službenik završio dodavanje korisnika.', '2023-03-07 17:26:06', NULL, 1, '92.244.136.251', 'Belgrade', 'Serbia');
INSERT INTO `dnevnik` VALUES (6194, 'https://localhost:3000/dodajKorisnika', 'Službenik započeo dodavanje korisnika.', '2023-03-07 17:26:06', NULL, 1, '92.244.136.251', 'Belgrade', 'Serbia');
INSERT INTO `dnevnik` VALUES (6195, 'https://localhost:3000/dodajKorisnika', 'Službenik završio dodavanje korisnika.', '2023-03-07 17:27:35', NULL, 1, '92.244.136.251', 'Belgrade', 'Serbia');
INSERT INTO `dnevnik` VALUES (6196, 'https://localhost:3000/dodajKorisnika', 'Službenik započeo dodavanje korisnika.', '2023-03-07 17:27:35', NULL, 1, '92.244.136.251', 'Belgrade', 'Serbia');
INSERT INTO `dnevnik` VALUES (6197, 'https://localhost:3000/dodajKorisnika', 'Službenik završio dodavanje korisnika.', '2023-03-07 17:28:53', NULL, 1, '92.244.136.251', 'Belgrade', 'Serbia');
INSERT INTO `dnevnik` VALUES (6198, 'https://localhost:3000/dodajKorisnika', 'Službenik započeo dodavanje korisnika.', '2023-03-07 17:28:53', NULL, 1, '92.244.136.251', 'Belgrade', 'Serbia');
INSERT INTO `dnevnik` VALUES (6199, 'https://localhost:3000/dodajKorisnika', 'Službenik započeo dodavanje korisnika.', '2023-03-07 17:30:03', NULL, 1, '92.244.136.251', 'Belgrade', 'Serbia');
INSERT INTO `dnevnik` VALUES (6200, 'https://localhost:3000/dodajKorisnika', 'Službenik završio dodavanje korisnika.', '2023-03-07 17:30:06', NULL, 1, '92.244.136.251', 'Belgrade', 'Serbia');
INSERT INTO `dnevnik` VALUES (6201, 'https://localhost:3000/dodajKorisnika', 'Službenik započeo dodavanje korisnika.', '2023-03-07 17:30:06', NULL, 1, '92.244.136.251', 'Belgrade', 'Serbia');
INSERT INTO `dnevnik` VALUES (6202, 'https://localhost:3000/dodajKorisnika', 'Službenik završio dodavanje korisnika.', '2023-03-07 17:30:13', NULL, 1, '92.244.136.251', 'Belgrade', 'Serbia');
INSERT INTO `dnevnik` VALUES (6203, 'https://localhost:3000/dodajKorisnika', 'Službenik započeo dodavanje korisnika.', '2023-03-07 17:30:13', NULL, 1, '92.244.136.251', 'Belgrade', 'Serbia');
INSERT INTO `dnevnik` VALUES (6204, 'https://localhost:3000/dodajKorisnika', 'Službenik završio dodavanje korisnika.', '2023-03-07 17:30:24', NULL, 1, '92.244.136.251', 'Belgrade', 'Serbia');
INSERT INTO `dnevnik` VALUES (6205, 'https://localhost:3000/dodajKorisnika', 'Službenik započeo dodavanje korisnika.', '2023-03-07 17:30:24', NULL, 1, '92.244.136.251', 'Belgrade', 'Serbia');
INSERT INTO `dnevnik` VALUES (6206, 'https://localhost:3000/dodajKorisnika', 'Službenik završio dodavanje korisnika.', '2023-03-07 17:35:23', NULL, 1, '92.244.136.251', 'Belgrade', 'Serbia');
INSERT INTO `dnevnik` VALUES (6207, 'https://localhost:3000/dodajKorisnika', 'Službenik započeo dodavanje korisnika.', '2023-03-07 17:35:23', NULL, 1, '92.244.136.251', 'Belgrade', 'Serbia');
INSERT INTO `dnevnik` VALUES (6208, 'https://localhost:3000/dodajKorisnika', 'Službenik završio dodavanje korisnika.', '2023-03-07 17:36:22', NULL, 1, '92.244.136.251', 'Belgrade', 'Serbia');
INSERT INTO `dnevnik` VALUES (6209, 'https://localhost:3000/dodajKorisnika', 'Službenik započeo dodavanje korisnika.', '2023-03-07 17:36:22', NULL, 1, '92.244.136.251', 'Belgrade', 'Serbia');
INSERT INTO `dnevnik` VALUES (6210, 'https://localhost:3000/dodajKorisnika', 'Službenik završio dodavanje korisnika.', '2023-03-07 17:36:22', NULL, 1, '92.244.136.251', 'Belgrade', 'Serbia');
INSERT INTO `dnevnik` VALUES (6211, 'https://localhost:3000/dodajKorisnika', 'Službenik započeo dodavanje korisnika.', '2023-03-07 17:36:22', NULL, 1, '92.244.136.251', 'Belgrade', 'Serbia');
INSERT INTO `dnevnik` VALUES (6212, 'https://localhost:3000/dodajKorisnika', 'Službenik završio dodavanje korisnika.', '2023-03-07 17:36:49', NULL, 1, '92.244.136.251', 'Belgrade', 'Serbia');
INSERT INTO `dnevnik` VALUES (6213, 'https://localhost:3000/dodajKorisnika', 'Službenik započeo dodavanje korisnika.', '2023-03-07 17:36:49', NULL, 1, '92.244.136.251', 'Belgrade', 'Serbia');
INSERT INTO `dnevnik` VALUES (6214, 'https://localhost:3000/dodajKorisnika', 'Službenik završio dodavanje korisnika.', '2023-03-07 17:37:11', NULL, 1, '92.244.136.251', 'Belgrade', 'Serbia');
INSERT INTO `dnevnik` VALUES (6215, 'https://localhost:3000/dodajKorisnika', 'Službenik započeo dodavanje korisnika.', '2023-03-07 17:37:11', NULL, 1, '92.244.136.251', 'Belgrade', 'Serbia');
INSERT INTO `dnevnik` VALUES (6216, 'https://localhost:3000/dodajKorisnika', 'Službenik završio dodavanje korisnika.', '2023-03-07 17:39:25', NULL, 1, '92.244.136.251', 'Belgrade', 'Serbia');
INSERT INTO `dnevnik` VALUES (6217, 'https://localhost:3000/dodajKorisnika', 'Službenik započeo dodavanje korisnika.', '2023-03-07 17:39:25', NULL, 1, '92.244.136.251', 'Belgrade', 'Serbia');
INSERT INTO `dnevnik` VALUES (6218, 'https://localhost:3000/dodajKorisnika', 'Službenik započeo dodavanje korisnika.', '2023-03-07 17:41:05', NULL, 1, '92.244.136.251', 'Belgrade', 'Serbia');
INSERT INTO `dnevnik` VALUES (6219, 'https://localhost:3000/dodajRacun', 'Službenik završio dodavanje korisnika.', '2023-03-07 17:43:00', NULL, 1, '92.244.136.251', 'Belgrade', 'Serbia');
INSERT INTO `dnevnik` VALUES (6220, 'https://localhost:3000/dodajRacun', 'Službenik započeo dodavanje računa za novog korisnika.', '2023-03-07 17:43:00', NULL, 1, '92.244.136.251', 'Belgrade', 'Serbia');
INSERT INTO `dnevnik` VALUES (6221, 'https://localhost:3000/dodajKorisnika', 'Službenik završio dodavanje računa za novog korisnika', '2023-03-07 17:43:56', NULL, 1, '92.244.136.251', 'Belgrade', 'Serbia');
INSERT INTO `dnevnik` VALUES (6222, 'https://localhost:3000/dodajKorisnika', 'Službenik započeo dodavanje korisnika.', '2023-03-07 17:43:56', NULL, 1, '92.244.136.251', 'Belgrade', 'Serbia');
INSERT INTO `dnevnik` VALUES (6223, 'https://localhost:3000/dodajRacun', 'Službenik završio dodavanje korisnika.', '2023-03-07 17:45:00', NULL, 1, '92.244.136.251', 'Belgrade', 'Serbia');
INSERT INTO `dnevnik` VALUES (6224, 'https://localhost:3000/dodajRacun', 'Službenik započeo dodavanje računa za novog korisnika.', '2023-03-07 17:45:00', NULL, 1, '92.244.136.251', 'Belgrade', 'Serbia');
INSERT INTO `dnevnik` VALUES (6225, 'https://localhost:3000/dodajKorisnika', 'Službenik završio dodavanje računa za novog korisnika', '2023-03-07 17:47:58', NULL, 1, '92.244.136.251', 'Belgrade', 'Serbia');
INSERT INTO `dnevnik` VALUES (6226, 'https://localhost:3000/dodajKorisnika', 'Službenik započeo dodavanje korisnika.', '2023-03-07 17:47:58', NULL, 1, '92.244.136.251', 'Belgrade', 'Serbia');
INSERT INTO `dnevnik` VALUES (6227, 'https://localhost:3000/dodajRacun', 'Službenik započeo dodavanje računa za novog korisnika.', '2023-03-07 17:48:59', NULL, 1, '92.244.136.251', 'Belgrade', 'Serbia');
INSERT INTO `dnevnik` VALUES (6228, 'https://localhost:3000/security/prijavaSluzbenik', 'Službenik ulogovan.', '2023-03-15 14:12:16', NULL, 1, '92.244.136.251', 'Belgrade', 'Serbia');
INSERT INTO `dnevnik` VALUES (6229, 'https://localhost:3000/sluzbenikpocetna', 'Službenik početna.', '2023-03-15 14:12:16', NULL, 1, '92.244.136.251', 'Belgrade', 'Serbia');
INSERT INTO `dnevnik` VALUES (6230, 'https://localhost:3000/pretragaKorisnika', 'Službenik pristupio pretrazi korisnika.', '2023-03-15 14:12:18', NULL, 1, '92.244.136.251', 'Belgrade', 'Serbia');
INSERT INTO `dnevnik` VALUES (6231, 'https://localhost:3000/pretragaKorisnika', 'Službenik izvršio pretragu korisnika.', '2023-03-15 14:12:22', NULL, 1, '92.244.136.251', 'Belgrade', 'Serbia');
INSERT INTO `dnevnik` VALUES (6232, 'https://localhost:3000/podaciKorisnik', 'Službenik pristupio podacima korisnika', '2023-03-15 14:12:23', NULL, 1, '92.244.136.251', 'Belgrade', 'Serbia');
INSERT INTO `dnevnik` VALUES (6233, 'https://localhost:3000/izmenaPodaciKorisnik', 'Službenik zatvorio stranicu sa podacima korisnika.', '2023-03-15 14:12:23', NULL, 1, '92.244.136.251', 'Belgrade', 'Serbia');
INSERT INTO `dnevnik` VALUES (6234, 'https://localhost:3000/izmenaPodaciKorisnik', 'Započeta izmena podataka za korisnika', '2023-03-15 14:12:23', NULL, 1, '92.244.136.251', 'Belgrade', 'Serbia');
INSERT INTO `dnevnik` VALUES (6235, 'https://localhost:3000/podaciKorisnik', 'Završena izmena podataka za korisnika.', '2023-03-15 14:12:37', NULL, 1, '92.244.136.251', 'Belgrade', 'Serbia');
INSERT INTO `dnevnik` VALUES (6236, 'https://localhost:3000/podaciKorisnik', 'Službenik pristupio podacima korisnika', '2023-03-15 14:12:37', NULL, 1, '92.244.136.251', 'Belgrade', 'Serbia');
INSERT INTO `dnevnik` VALUES (6237, 'https://localhost:3000/izmenaPodaciKorisnik', 'Službenik zatvorio stranicu sa podacima korisnika.', '2023-03-15 14:12:38', NULL, 1, '92.244.136.251', 'Belgrade', 'Serbia');
INSERT INTO `dnevnik` VALUES (6238, 'https://localhost:3000/izmenaPodaciKorisnik', 'Započeta izmena podataka za korisnika', '2023-03-15 14:12:38', NULL, 1, '92.244.136.251', 'Belgrade', 'Serbia');
INSERT INTO `dnevnik` VALUES (6239, 'https://localhost:3000/podaciKorisnik', 'Završena izmena podataka za korisnika.', '2023-03-15 14:12:50', NULL, 1, '92.244.136.251', 'Belgrade', 'Serbia');
INSERT INTO `dnevnik` VALUES (6240, 'https://localhost:3000/podaciKorisnik', 'Službenik pristupio podacima korisnika', '2023-03-15 14:12:50', NULL, 1, '92.244.136.251', 'Belgrade', 'Serbia');
INSERT INTO `dnevnik` VALUES (6241, 'https://localhost:3000/pretragaKorisnika', 'Službenik zatvorio stranicu sa podacima korisnika.', '2023-03-15 14:12:53', NULL, 1, '92.244.136.251', 'Belgrade', 'Serbia');
INSERT INTO `dnevnik` VALUES (6242, 'https://localhost:3000/pretragaKorisnika', 'Službenik pristupio pretrazi korisnika.', '2023-03-15 14:12:53', NULL, 1, '92.244.136.251', 'Belgrade', 'Serbia');
INSERT INTO `dnevnik` VALUES (6243, 'https://localhost:3000/pretragaKorisnika', 'Službenik izvršio pretragu korisnika.', '2023-03-15 14:13:13', NULL, 1, '92.244.136.251', 'Belgrade', 'Serbia');
INSERT INTO `dnevnik` VALUES (6244, 'https://localhost:3000/podaciKorisnik', 'Službenik pristupio podacima korisnika', '2023-03-15 14:13:14', NULL, 1, '92.244.136.251', 'Belgrade', 'Serbia');
INSERT INTO `dnevnik` VALUES (6245, 'https://localhost:3000/pretragaKorisnika', 'Službenik zatvorio stranicu sa podacima korisnika.', '2023-03-15 14:13:20', NULL, 1, '92.244.136.251', 'Belgrade', 'Serbia');
INSERT INTO `dnevnik` VALUES (6246, 'https://localhost:3000/pretragaKorisnika', 'Službenik pristupio pretrazi korisnika.', '2023-03-15 14:13:20', NULL, 1, '92.244.136.251', 'Belgrade', 'Serbia');
INSERT INTO `dnevnik` VALUES (6247, 'https://localhost:3000/dodajKorisnika', 'Službenik započeo dodavanje korisnika.', '2023-03-15 14:13:37', NULL, 1, '92.244.136.251', 'Belgrade', 'Serbia');
INSERT INTO `dnevnik` VALUES (6248, 'https://localhost:3000/dodajKorisnika', 'Službenik započeo dodavanje korisnika.', '2023-03-15 14:15:44', NULL, 1, '92.244.136.251', 'Belgrade', 'Serbia');
INSERT INTO `dnevnik` VALUES (6249, 'https://localhost:3000/sluzbenikPocetna', 'Službenik završio dodavanje korisnika.', '2023-03-15 14:16:36', NULL, 1, '92.244.136.251', 'Belgrade', 'Serbia');
INSERT INTO `dnevnik` VALUES (6250, 'https://localhost:3000/sluzbenikPocetna', 'Službenik početna.', '2023-03-15 14:16:36', NULL, 1, '92.244.136.251', 'Belgrade', 'Serbia');
INSERT INTO `dnevnik` VALUES (6251, 'https://localhost:3000/dodajKorisnika', 'Službenik započeo dodavanje korisnika.', '2023-03-15 14:16:36', NULL, 1, '92.244.136.251', 'Belgrade', 'Serbia');
INSERT INTO `dnevnik` VALUES (6252, 'https://localhost:3000/dodajKorisnika', 'Službenik započeo dodavanje korisnika.', '2023-03-15 14:18:39', NULL, 1, '92.244.136.251', 'Belgrade', 'Serbia');
INSERT INTO `dnevnik` VALUES (6253, 'https://localhost:3000/dodajKorisnika', 'Službenik započeo dodavanje korisnika.', '2023-03-15 14:21:12', NULL, 1, '92.244.136.251', 'Belgrade', 'Serbia');
INSERT INTO `dnevnik` VALUES (6254, 'https://localhost:3000/dodajKorisnika', 'Službenik završio dodavanje korisnika.', '2023-03-15 14:25:02', NULL, 1, '92.244.136.251', 'Belgrade', 'Serbia');
INSERT INTO `dnevnik` VALUES (6255, 'https://localhost:3000/dodajKorisnika', 'Službenik započeo dodavanje korisnika.', '2023-03-15 14:25:02', NULL, 1, '92.244.136.251', 'Belgrade', 'Serbia');
INSERT INTO `dnevnik` VALUES (6256, 'https://localhost:3000/dodajKorisnika', 'Službenik započeo dodavanje korisnika.', '2023-03-15 14:26:59', NULL, 1, '92.244.136.251', 'Belgrade', 'Serbia');
INSERT INTO `dnevnik` VALUES (6257, 'https://localhost:3000/dodajKorisnika', 'Službenik završio dodavanje korisnika.', '2023-03-15 14:27:08', NULL, 1, '92.244.136.251', 'Belgrade', 'Serbia');
INSERT INTO `dnevnik` VALUES (6258, 'https://localhost:3000/dodajKorisnika', 'Službenik započeo dodavanje korisnika.', '2023-03-15 14:27:08', NULL, 1, '92.244.136.251', 'Belgrade', 'Serbia');
INSERT INTO `dnevnik` VALUES (6259, 'https://localhost:3000/dodajKorisnika', 'Službenik započeo dodavanje korisnika.', '2023-03-15 15:04:53', NULL, 1, '92.244.136.251', 'Belgrade', 'Serbia');
INSERT INTO `dnevnik` VALUES (6260, 'https://localhost:3000/dodajKorisnika', 'Službenik započeo dodavanje korisnika.', '2023-03-15 15:06:18', NULL, 1, '92.244.136.251', 'Belgrade', 'Serbia');
INSERT INTO `dnevnik` VALUES (6261, 'https://localhost:3000/dodajKorisnika', 'Službenik započeo dodavanje korisnika.', '2023-03-15 15:08:05', NULL, 1, '92.244.136.251', 'Belgrade', 'Serbia');
INSERT INTO `dnevnik` VALUES (6262, 'https://localhost:3000/dodajKorisnika', 'Službenik započeo dodavanje korisnika.', '2023-03-15 15:20:08', NULL, 1, '92.244.136.251', 'Belgrade', 'Serbia');
INSERT INTO `dnevnik` VALUES (6263, 'https://localhost:3000/dodajKorisnika', 'Službenik započeo dodavanje korisnika.', '2023-03-15 15:20:48', NULL, 1, '92.244.136.251', 'Belgrade', 'Serbia');
INSERT INTO `dnevnik` VALUES (6264, 'https://localhost:3000/dodajKorisnika', 'Službenik započeo dodavanje korisnika.', '2023-03-15 15:21:33', NULL, 1, '92.244.136.251', 'Belgrade', 'Serbia');
INSERT INTO `dnevnik` VALUES (6265, 'https://localhost:3000/dodajKorisnika', 'Službenik započeo dodavanje korisnika.', '2023-03-15 15:24:32', NULL, 1, '92.244.136.251', 'Belgrade', 'Serbia');
INSERT INTO `dnevnik` VALUES (6266, 'https://localhost:3000/dodajKorisnika', 'Službenik dodao novog korisnika.', '2023-03-15 15:25:03', NULL, 1, '92.244.136.251', 'Belgrade', 'Serbia');
INSERT INTO `dnevnik` VALUES (6267, 'https://localhost:3000/dodajRacun', 'Službenik završio dodavanje korisnika.', '2023-03-15 15:25:03', NULL, 1, '92.244.136.251', 'Belgrade', 'Serbia');
INSERT INTO `dnevnik` VALUES (6268, 'https://localhost:3000/dodajRacun', 'Službenik započeo dodavanje računa za novog korisnika.', '2023-03-15 15:25:03', NULL, 1, '92.244.136.251', 'Belgrade', 'Serbia');
INSERT INTO `dnevnik` VALUES (6269, 'https://localhost:3000/dodajRacun', 'Službenik dodao račun za novog korisnika.', '2023-03-15 15:26:25', NULL, 1, '92.244.136.251', 'Belgrade', 'Serbia');
INSERT INTO `dnevnik` VALUES (6270, 'https://localhost:3000/sluzbenikPocetna', 'Službenik završio dodavanje računa za novog korisnika', '2023-03-15 15:26:25', NULL, 1, '92.244.136.251', 'Belgrade', 'Serbia');
INSERT INTO `dnevnik` VALUES (6271, 'https://localhost:3000/sluzbenikPocetna', 'Službenik početna.', '2023-03-15 15:26:25', NULL, 1, '92.244.136.251', 'Belgrade', 'Serbia');
INSERT INTO `dnevnik` VALUES (6272, 'https://localhost:3000/pretragaKorisnika', 'Službenik pristupio pretrazi korisnika.', '2023-03-15 15:26:26', NULL, 1, '92.244.136.251', 'Belgrade', 'Serbia');
INSERT INTO `dnevnik` VALUES (6273, 'https://localhost:3000/pretragaKorisnika', 'Službenik izvršio pretragu korisnika.', '2023-03-15 15:26:49', NULL, 1, '92.244.136.251', 'Belgrade', 'Serbia');
INSERT INTO `dnevnik` VALUES (6274, 'https://localhost:3000/podaciKorisnik', 'Službenik pristupio podacima korisnika', '2023-03-15 15:26:49', NULL, 1, '92.244.136.251', 'Belgrade', 'Serbia');
INSERT INTO `dnevnik` VALUES (6275, 'https://localhost:3000/izmenaPodaciKorisnik', 'Službenik zatvorio stranicu sa podacima korisnika.', '2023-03-15 15:26:49', NULL, 1, '92.244.136.251', 'Belgrade', 'Serbia');
INSERT INTO `dnevnik` VALUES (6276, 'https://localhost:3000/izmenaPodaciKorisnik', 'Započeta izmena podataka za korisnika', '2023-03-15 15:26:49', NULL, 1, '92.244.136.251', 'Belgrade', 'Serbia');
INSERT INTO `dnevnik` VALUES (6277, 'https://localhost:3000/izmenaPodaciKorisnik', 'Završena izmena podataka za korisnika.', '2023-03-15 15:28:22', NULL, 1, '92.244.136.251', 'Belgrade', 'Serbia');
INSERT INTO `dnevnik` VALUES (6278, 'https://localhost:3000/izmenaPodaciKorisnik', 'Započeta izmena podataka za korisnika', '2023-03-15 15:28:22', NULL, 1, '92.244.136.251', 'Belgrade', 'Serbia');
INSERT INTO `dnevnik` VALUES (6279, 'https://localhost:3000/izmenaPodaciKorisnik', 'Započeta izmena podataka za korisnika', '2023-03-15 15:28:44', NULL, 1, '92.244.136.251', 'Belgrade', 'Serbia');
INSERT INTO `dnevnik` VALUES (6280, 'https://localhost:3000/izmenaPodaciKorisnik', 'Izmenjeni podaci za korisnika.', '2023-03-15 15:28:45', NULL, 1, '92.244.136.251', 'Belgrade', 'Serbia');
INSERT INTO `dnevnik` VALUES (6281, 'https://localhost:3000/podaciKorisnik', 'Završena izmena podataka za korisnika.', '2023-03-15 15:28:46', NULL, 1, '92.244.136.251', 'Belgrade', 'Serbia');
INSERT INTO `dnevnik` VALUES (6282, 'https://localhost:3000/podaciKorisnik', 'Službenik pristupio podacima korisnika', '2023-03-15 15:28:46', NULL, 1, '92.244.136.251', 'Belgrade', 'Serbia');
INSERT INTO `dnevnik` VALUES (6283, 'https://localhost:3000/izmenaPodaciKorisnik', 'Službenik zatvorio stranicu sa podacima korisnika.', '2023-03-15 15:28:49', NULL, 1, '92.244.136.251', 'Belgrade', 'Serbia');
INSERT INTO `dnevnik` VALUES (6284, 'https://localhost:3000/izmenaPodaciKorisnik', 'Započeta izmena podataka za korisnika', '2023-03-15 15:28:49', NULL, 1, '92.244.136.251', 'Belgrade', 'Serbia');
INSERT INTO `dnevnik` VALUES (6285, 'https://localhost:3000/podaciKorisnik', 'Završena izmena podataka za korisnika.', '2023-03-15 15:28:54', NULL, 1, '92.244.136.251', 'Belgrade', 'Serbia');
INSERT INTO `dnevnik` VALUES (6286, 'https://localhost:3000/podaciKorisnik', 'Službenik pristupio podacima korisnika', '2023-03-15 15:28:54', NULL, 1, '92.244.136.251', 'Belgrade', 'Serbia');
INSERT INTO `dnevnik` VALUES (6287, 'https://localhost:3000/pretragaKorisnika', 'Službenik zatvorio stranicu sa podacima korisnika.', '2023-03-15 15:29:08', NULL, 1, '92.244.136.251', 'Belgrade', 'Serbia');
INSERT INTO `dnevnik` VALUES (6288, 'https://localhost:3000/pretragaKorisnika', 'Službenik pristupio pretrazi korisnika.', '2023-03-15 15:29:08', NULL, 1, '92.244.136.251', 'Belgrade', 'Serbia');
INSERT INTO `dnevnik` VALUES (6289, 'https://localhost:3000/dodajKorisnika', 'Službenik započeo dodavanje korisnika.', '2023-03-15 15:33:12', NULL, 1, '92.244.136.251', 'Belgrade', 'Serbia');
INSERT INTO `dnevnik` VALUES (6290, 'https://localhost:3000/dodajRacun', 'Službenik završio dodavanje korisnika.', '2023-03-15 15:34:15', NULL, 1, '92.244.136.251', 'Belgrade', 'Serbia');
INSERT INTO `dnevnik` VALUES (6291, 'https://localhost:3000/dodajRacun', 'Službenik započeo dodavanje računa za novog korisnika.', '2023-03-15 15:34:15', NULL, 1, '92.244.136.251', 'Belgrade', 'Serbia');
INSERT INTO `dnevnik` VALUES (6292, 'https://localhost:3000/pretragaKorisnika', 'Službenik završio dodavanje računa za novog korisnika', '2023-03-15 15:34:33', NULL, 1, '92.244.136.251', 'Belgrade', 'Serbia');
INSERT INTO `dnevnik` VALUES (6293, 'https://localhost:3000/pretragaKorisnika', 'Službenik pristupio pretrazi korisnika.', '2023-03-15 15:34:33', NULL, 1, '92.244.136.251', 'Belgrade', 'Serbia');
INSERT INTO `dnevnik` VALUES (6294, 'https://localhost:3000/dodajKorisnika', 'Službenik započeo dodavanje korisnika.', '2023-03-15 15:34:33', NULL, 1, '92.244.136.251', 'Belgrade', 'Serbia');
INSERT INTO `dnevnik` VALUES (6295, 'https://localhost:3000/dodajKorisnika', 'Službenik dodao novog korisnika.', '2023-03-15 15:34:59', NULL, 1, '92.244.136.251', 'Belgrade', 'Serbia');
INSERT INTO `dnevnik` VALUES (6296, 'https://localhost:3000/dodajRacun', 'Službenik završio dodavanje korisnika.', '2023-03-15 15:34:59', NULL, 1, '92.244.136.251', 'Belgrade', 'Serbia');
INSERT INTO `dnevnik` VALUES (6297, 'https://localhost:3000/dodajRacun', 'Službenik započeo dodavanje računa za novog korisnika.', '2023-03-15 15:34:59', NULL, 1, '92.244.136.251', 'Belgrade', 'Serbia');
INSERT INTO `dnevnik` VALUES (6298, 'https://localhost:3000/dodajKorisnika', 'Službenik završio dodavanje računa za novog korisnika', '2023-03-15 15:36:09', NULL, 1, '92.244.136.251', 'Belgrade', 'Serbia');
INSERT INTO `dnevnik` VALUES (6299, 'https://localhost:3000/dodajKorisnika', 'Službenik započeo dodavanje korisnika.', '2023-03-15 15:36:09', NULL, 1, '92.244.136.251', 'Belgrade', 'Serbia');
INSERT INTO `dnevnik` VALUES (6300, 'https://localhost:3000/dodajKorisnika', 'Službenik dodao novog korisnika.', '2023-03-15 15:36:39', NULL, 1, '92.244.136.251', 'Belgrade', 'Serbia');
INSERT INTO `dnevnik` VALUES (6301, 'https://localhost:3000/dodajRacun', 'Službenik završio dodavanje korisnika.', '2023-03-15 15:36:39', NULL, 1, '92.244.136.251', 'Belgrade', 'Serbia');
INSERT INTO `dnevnik` VALUES (6302, 'https://localhost:3000/dodajRacun', 'Službenik započeo dodavanje računa za novog korisnika.', '2023-03-15 15:36:39', NULL, 1, '92.244.136.251', 'Belgrade', 'Serbia');
INSERT INTO `dnevnik` VALUES (6303, 'https://localhost:3000/dodajKorisnika', 'Službenik završio dodavanje računa za novog korisnika', '2023-03-15 15:37:17', NULL, 1, '92.244.136.251', 'Belgrade', 'Serbia');
INSERT INTO `dnevnik` VALUES (6304, 'https://localhost:3000/dodajKorisnika', 'Službenik započeo dodavanje korisnika.', '2023-03-15 15:37:17', NULL, 1, '92.244.136.251', 'Belgrade', 'Serbia');
INSERT INTO `dnevnik` VALUES (6305, 'https://localhost:3000/dodajKorisnika', 'Službenik dodao novog korisnika.', '2023-03-15 15:37:49', NULL, 1, '92.244.136.251', 'Belgrade', 'Serbia');
INSERT INTO `dnevnik` VALUES (6306, 'https://localhost:3000/dodajRacun', 'Službenik završio dodavanje korisnika.', '2023-03-15 15:37:49', NULL, 1, '92.244.136.251', 'Belgrade', 'Serbia');
INSERT INTO `dnevnik` VALUES (6307, 'https://localhost:3000/dodajRacun', 'Službenik započeo dodavanje računa za novog korisnika.', '2023-03-15 15:37:49', NULL, 1, '92.244.136.251', 'Belgrade', 'Serbia');
INSERT INTO `dnevnik` VALUES (6308, 'https://localhost:3000/dodajKorisnika', 'Službenik završio dodavanje računa za novog korisnika', '2023-03-15 15:38:57', NULL, 1, '92.244.136.251', 'Belgrade', 'Serbia');
INSERT INTO `dnevnik` VALUES (6309, 'https://localhost:3000/dodajKorisnika', 'Službenik započeo dodavanje korisnika.', '2023-03-15 15:38:57', NULL, 1, '92.244.136.251', 'Belgrade', 'Serbia');
INSERT INTO `dnevnik` VALUES (6310, 'https://localhost:3000/dodajRacun', 'Službenik započeo dodavanje računa za novog korisnika.', '2023-03-15 15:39:46', NULL, 1, '92.244.136.251', 'Belgrade', 'Serbia');
INSERT INTO `dnevnik` VALUES (6311, 'https://localhost:3000/dodajRacun', 'Službenik završio dodavanje korisnika.', '2023-03-15 15:39:46', NULL, 1, '92.244.136.251', 'Belgrade', 'Serbia');
INSERT INTO `dnevnik` VALUES (6312, 'https://localhost:3000/dodajKorisnika', 'Službenik dodao novog korisnika.', '2023-03-15 15:39:46', NULL, 1, '92.244.136.251', 'Belgrade', 'Serbia');
INSERT INTO `dnevnik` VALUES (6313, 'https://localhost:3000/dodajKorisnika', 'Službenik završio dodavanje računa za novog korisnika', '2023-03-15 15:40:34', NULL, 1, '92.244.136.251', 'Belgrade', 'Serbia');
INSERT INTO `dnevnik` VALUES (6314, 'https://localhost:3000/dodajKorisnika', 'Službenik započeo dodavanje korisnika.', '2023-03-15 15:40:34', NULL, 1, '92.244.136.251', 'Belgrade', 'Serbia');
INSERT INTO `dnevnik` VALUES (6315, 'https://localhost:3000/dodajKorisnika', 'Službenik dodao novog korisnika.', '2023-03-15 15:40:59', NULL, 1, '92.244.136.251', 'Belgrade', 'Serbia');
INSERT INTO `dnevnik` VALUES (6316, 'https://localhost:3000/dodajRacun', 'Službenik završio dodavanje korisnika.', '2023-03-15 15:40:59', NULL, 1, '92.244.136.251', 'Belgrade', 'Serbia');
INSERT INTO `dnevnik` VALUES (6317, 'https://localhost:3000/dodajRacun', 'Službenik započeo dodavanje računa za novog korisnika.', '2023-03-15 15:40:59', NULL, 1, '92.244.136.251', 'Belgrade', 'Serbia');
INSERT INTO `dnevnik` VALUES (6318, 'https://localhost:3000/sluzbenikPocetna', 'Službenik završio dodavanje računa za novog korisnika', '2023-03-15 15:45:58', NULL, 1, '92.244.136.251', 'Belgrade', 'Serbia');
INSERT INTO `dnevnik` VALUES (6319, 'https://localhost:3000/sluzbenikPocetna', 'Službenik početna.', '2023-03-15 15:45:58', NULL, 1, '92.244.136.251', 'Belgrade', 'Serbia');
INSERT INTO `dnevnik` VALUES (6320, 'https://localhost:3000/pretragaKorisnika', 'Službenik pristupio pretrazi korisnika.', '2023-03-15 15:45:58', NULL, 1, '92.244.136.251', 'Belgrade', 'Serbia');
INSERT INTO `dnevnik` VALUES (6321, 'https://localhost:3000/dodajKorisnika', 'Službenik započeo dodavanje korisnika.', '2023-03-15 15:45:58', NULL, 1, '92.244.136.251', 'Belgrade', 'Serbia');
INSERT INTO `dnevnik` VALUES (6322, 'https://localhost:3000/security/prijavaSluzbenik', 'Službenik ulogovan.', '2023-03-15 15:53:37', NULL, 1, '92.244.136.251', 'Belgrade', 'Serbia');
INSERT INTO `dnevnik` VALUES (6323, 'https://localhost:3000/sluzbenikpocetna', 'Službenik početna.', '2023-03-15 15:53:38', NULL, 1, '92.244.136.251', 'Belgrade', 'Serbia');
INSERT INTO `dnevnik` VALUES (6324, 'https://localhost:3000/pretragaKorisnika', 'Službenik pristupio pretrazi korisnika.', '2023-03-15 15:53:38', NULL, 1, '92.244.136.251', 'Belgrade', 'Serbia');
INSERT INTO `dnevnik` VALUES (6325, 'https://localhost:3000/dodajKorisnika', 'Službenik započeo dodavanje korisnika.', '2023-03-15 15:53:43', NULL, 1, '92.244.136.251', 'Belgrade', 'Serbia');
INSERT INTO `dnevnik` VALUES (6326, 'https://localhost:3000/dodajRacun', 'Službenik završio dodavanje korisnika.', '2023-03-15 15:54:17', NULL, 1, '92.244.136.251', 'Belgrade', 'Serbia');
INSERT INTO `dnevnik` VALUES (6327, 'https://localhost:3000/dodajRacun', 'Službenik započeo dodavanje računa za novog korisnika.', '2023-03-15 15:54:17', NULL, 1, '92.244.136.251', 'Belgrade', 'Serbia');
INSERT INTO `dnevnik` VALUES (6328, 'https://localhost:3000/security/prijavaSluzbenik', 'Službenik ulogovan.', '2023-03-15 15:57:22', NULL, 1, '92.244.136.251', 'Belgrade', 'Serbia');
INSERT INTO `dnevnik` VALUES (6329, 'https://localhost:3000/sluzbenikpocetna', 'Službenik početna.', '2023-03-15 15:57:22', NULL, 1, '92.244.136.251', 'Belgrade', 'Serbia');
INSERT INTO `dnevnik` VALUES (6330, 'https://localhost:3000/dodajKorisnika', 'Službenik započeo dodavanje korisnika.', '2023-03-15 15:57:22', NULL, 1, '92.244.136.251', 'Belgrade', 'Serbia');
INSERT INTO `dnevnik` VALUES (6331, 'https://localhost:3000/dodajRacun', 'Službenik završio dodavanje korisnika.', '2023-03-15 15:57:46', NULL, 1, '92.244.136.251', 'Belgrade', 'Serbia');
INSERT INTO `dnevnik` VALUES (6332, 'https://localhost:3000/dodajRacun', 'Službenik započeo dodavanje računa za novog korisnika.', '2023-03-15 15:57:46', NULL, 1, '92.244.136.251', 'Belgrade', 'Serbia');
INSERT INTO `dnevnik` VALUES (6333, 'https://localhost:3000/dodajRacun', 'Službenik dodao račun za novog korisnika.', '2023-03-15 15:57:52', NULL, 1, '92.244.136.251', 'Belgrade', 'Serbia');
INSERT INTO `dnevnik` VALUES (6334, 'https://localhost:3000/sluzbenikPocetna', 'Službenik završio dodavanje računa za novog korisnika', '2023-03-15 15:58:32', NULL, 1, '92.244.136.251', 'Belgrade', 'Serbia');
INSERT INTO `dnevnik` VALUES (6335, 'https://localhost:3000/sluzbenikPocetna', 'Službenik početna.', '2023-03-15 15:58:32', NULL, 1, '92.244.136.251', 'Belgrade', 'Serbia');
INSERT INTO `dnevnik` VALUES (6336, 'https://localhost:3000/pretragaKorisnika', 'Službenik pristupio pretrazi korisnika.', '2023-03-15 15:58:41', NULL, 1, '92.244.136.251', 'Belgrade', 'Serbia');
INSERT INTO `dnevnik` VALUES (6337, 'https://localhost:3000/pretragaKorisnika', 'Službenik izvršio pretragu korisnika.', '2023-03-15 15:58:41', NULL, 1, '92.244.136.251', 'Belgrade', 'Serbia');
INSERT INTO `dnevnik` VALUES (6338, 'https://localhost:3000/podaciKorisnik', 'Službenik pristupio podacima korisnika', '2023-03-15 15:58:41', NULL, 1, '92.244.136.251', 'Belgrade', 'Serbia');
INSERT INTO `dnevnik` VALUES (6339, 'https://localhost:3000/izmenaPodaciKorisnik', 'Službenik zatvorio stranicu sa podacima korisnika.', '2023-03-15 15:58:41', NULL, 1, '92.244.136.251', 'Belgrade', 'Serbia');
INSERT INTO `dnevnik` VALUES (6340, 'https://localhost:3000/izmenaPodaciKorisnik', 'Započeta izmena podataka za korisnika', '2023-03-15 15:58:41', NULL, 1, '92.244.136.251', 'Belgrade', 'Serbia');
INSERT INTO `dnevnik` VALUES (6341, 'https://localhost:3000/izmenaPodaciKorisnik', 'Izmenjeni podaci za korisnika.', '2023-03-15 15:58:48', NULL, 1, '92.244.136.251', 'Belgrade', 'Serbia');
INSERT INTO `dnevnik` VALUES (6342, 'https://localhost:3000/podaciKorisnik', 'Završena izmena podataka za korisnika.', '2023-03-15 15:58:50', NULL, 1, '92.244.136.251', 'Belgrade', 'Serbia');
INSERT INTO `dnevnik` VALUES (6343, 'https://localhost:3000/podaciKorisnik', 'Službenik pristupio podacima korisnika', '2023-03-15 15:58:50', NULL, 1, '92.244.136.251', 'Belgrade', 'Serbia');
INSERT INTO `dnevnik` VALUES (6344, 'https://localhost:3000/izmenaPodaciKorisnik', 'Službenik zatvorio stranicu sa podacima korisnika.', '2023-03-15 15:58:51', NULL, 1, '92.244.136.251', 'Belgrade', 'Serbia');
INSERT INTO `dnevnik` VALUES (6345, 'https://localhost:3000/izmenaPodaciKorisnik', 'Započeta izmena podataka za korisnika', '2023-03-15 15:58:51', NULL, 1, '92.244.136.251', 'Belgrade', 'Serbia');
INSERT INTO `dnevnik` VALUES (6346, 'https://localhost:3000/podaciKorisnik', 'Službenik pristupio podacima korisnika', '2023-03-15 15:59:10', NULL, 1, '92.244.136.251', 'Belgrade', 'Serbia');
INSERT INTO `dnevnik` VALUES (6347, 'https://localhost:3000/sluzbenikPocetna', 'Službenik zatvorio stranicu sa podacima korisnika.', '2023-03-15 15:59:10', NULL, 1, '92.244.136.251', 'Belgrade', 'Serbia');
INSERT INTO `dnevnik` VALUES (6348, 'https://localhost:3000/sluzbenikPocetna', 'Službenik početna.', '2023-03-15 15:59:10', NULL, 1, '92.244.136.251', 'Belgrade', 'Serbia');
INSERT INTO `dnevnik` VALUES (6349, 'https://localhost:3000/pretragaKorisnika', 'Službenik završio dodavanje korisnika.', '2023-03-15 16:04:47', NULL, 1, '92.244.136.251', 'Belgrade', 'Serbia');
INSERT INTO `dnevnik` VALUES (6350, 'https://localhost:3000/pretragaKorisnika', 'Službenik pristupio pretrazi korisnika.', '2023-03-15 16:04:47', NULL, 1, '92.244.136.251', 'Belgrade', 'Serbia');
INSERT INTO `dnevnik` VALUES (6351, 'https://localhost:3000/pretragaKorisnika', 'Službenik izvršio pretragu korisnika.', '2023-03-15 16:04:47', NULL, 1, '92.244.136.251', 'Belgrade', 'Serbia');
INSERT INTO `dnevnik` VALUES (6352, 'https://localhost:3000/sluzbenikpocetna', 'Službenik početna.', '2023-03-15 16:06:02', NULL, 1, '92.244.136.251', 'Belgrade', 'Serbia');
INSERT INTO `dnevnik` VALUES (6353, 'https://localhost:3000/pretragaKorisnika', 'Službenik pristupio pretrazi korisnika.', '2023-03-15 16:06:02', NULL, 1, '92.244.136.251', 'Belgrade', 'Serbia');
INSERT INTO `dnevnik` VALUES (6354, 'https://localhost:3000/pretragaKorisnika', 'Službenik izvršio pretragu korisnika.', '2023-03-15 16:06:02', NULL, 1, '92.244.136.251', 'Belgrade', 'Serbia');
INSERT INTO `dnevnik` VALUES (6355, 'https://localhost:3000/podaciKorisnik', 'Službenik pristupio podacima korisnika', '2023-03-15 16:06:02', NULL, 1, '92.244.136.251', 'Belgrade', 'Serbia');
INSERT INTO `dnevnik` VALUES (6356, 'https://localhost:3000/pretragaKorisnika', 'Službenik zatvorio stranicu sa podacima korisnika.', '2023-03-15 16:06:03', NULL, 1, '92.244.136.251', 'Belgrade', 'Serbia');
INSERT INTO `dnevnik` VALUES (6357, 'https://localhost:3000/pretragaKorisnika', 'Službenik pristupio pretrazi korisnika.', '2023-03-15 16:06:03', NULL, 1, '92.244.136.251', 'Belgrade', 'Serbia');
INSERT INTO `dnevnik` VALUES (6358, 'https://localhost:3000/pretragaKorisnika', 'Službenik izvršio pretragu korisnika.', '2023-03-15 16:06:04', NULL, 1, '92.244.136.251', 'Belgrade', 'Serbia');
INSERT INTO `dnevnik` VALUES (6359, 'https://localhost:3000/podaciKorisnik', 'Službenik pristupio podacima korisnika', '2023-03-15 16:06:05', NULL, 1, '92.244.136.251', 'Belgrade', 'Serbia');
INSERT INTO `dnevnik` VALUES (6360, 'https://localhost:3000/podaciKorisnik', 'Službenik zatvorio račun za korisnika.', '2023-03-15 16:06:21', NULL, 1, '92.244.136.251', 'Belgrade', 'Serbia');
INSERT INTO `dnevnik` VALUES (6361, 'https://localhost:3000/podaciKorisnik', 'Službenik obrisao korisnika.', '2023-03-15 16:06:29', NULL, 1, '92.244.136.251', 'Belgrade', 'Serbia');
INSERT INTO `dnevnik` VALUES (6362, 'https://localhost:3000/podaciKorisnik', 'Službenik pristupio podacima korisnika', '2023-03-15 16:06:36', NULL, 1, '92.244.136.251', 'Belgrade', 'Serbia');
INSERT INTO `dnevnik` VALUES (6363, 'https://localhost:3000/sluzbenikPocetna', 'Službenik zatvorio stranicu sa podacima korisnika.', '2023-03-15 16:06:37', NULL, 1, '92.244.136.251', 'Belgrade', 'Serbia');
INSERT INTO `dnevnik` VALUES (6364, 'https://localhost:3000/sluzbenikPocetna', 'Službenik početna.', '2023-03-15 16:06:37', NULL, 1, '92.244.136.251', 'Belgrade', 'Serbia');
INSERT INTO `dnevnik` VALUES (6365, 'https://localhost:3000/pretragaKorisnika', 'Službenik pristupio pretrazi korisnika.', '2023-03-15 16:07:54', NULL, 1, '92.244.136.251', 'Belgrade', 'Serbia');
INSERT INTO `dnevnik` VALUES (6366, 'https://localhost:3000/pretragaKorisnika', 'Službenik izvršio pretragu korisnika.', '2023-03-15 16:07:57', NULL, 1, '92.244.136.251', 'Belgrade', 'Serbia');
INSERT INTO `dnevnik` VALUES (6367, 'https://localhost:3000/podaciKorisnik', 'Službenik pristupio podacima korisnika', '2023-03-15 16:07:57', NULL, 1, '92.244.136.251', 'Belgrade', 'Serbia');
INSERT INTO `dnevnik` VALUES (6368, 'https://localhost:3000/podaciKorisnik', 'Službenik obrisao korisnika.', '2023-03-15 16:08:04', NULL, 1, '92.244.136.251', 'Belgrade', 'Serbia');
INSERT INTO `dnevnik` VALUES (6369, 'https://localhost:3000/podaciKorisnik', 'Službenik pristupio podacima korisnika', '2023-03-15 16:08:06', NULL, 1, '92.244.136.251', 'Belgrade', 'Serbia');
INSERT INTO `dnevnik` VALUES (6370, 'https://localhost:3000/podaciKorisnik', 'Službenik pristupio podacima korisnika', '2023-03-15 16:08:13', NULL, 1, '92.244.136.251', 'Belgrade', 'Serbia');
INSERT INTO `dnevnik` VALUES (6371, 'https://localhost:3000/sluzbenikPocetna', 'Službenik zatvorio stranicu sa podacima korisnika.', '2023-03-15 16:08:14', NULL, 1, '92.244.136.251', 'Belgrade', 'Serbia');
INSERT INTO `dnevnik` VALUES (6372, 'https://localhost:3000/sluzbenikPocetna', 'Službenik početna.', '2023-03-15 16:08:14', NULL, 1, '92.244.136.251', 'Belgrade', 'Serbia');
INSERT INTO `dnevnik` VALUES (6373, 'https://localhost:3000/podaciKorisnik', 'Službenik pristupio podacima korisnika', '2023-03-15 16:09:35', NULL, 1, '92.244.136.251', 'Belgrade', 'Serbia');
INSERT INTO `dnevnik` VALUES (6374, 'https://localhost:3000/sluzbenikPocetna', 'Službenik zatvorio stranicu sa podacima korisnika.', '2023-03-15 16:09:35', NULL, 1, '92.244.136.251', 'Belgrade', 'Serbia');
INSERT INTO `dnevnik` VALUES (6375, 'https://localhost:3000/sluzbenikPocetna', 'Službenik početna.', '2023-03-15 16:09:36', NULL, 1, '92.244.136.251', 'Belgrade', 'Serbia');
INSERT INTO `dnevnik` VALUES (6376, 'https://localhost:3000/pretragaKorisnika', 'Službenik pristupio pretrazi korisnika.', '2023-03-15 16:10:46', NULL, 1, '92.244.136.251', 'Belgrade', 'Serbia');
INSERT INTO `dnevnik` VALUES (6377, 'https://localhost:3000/pretragaKorisnika', 'Službenik izvršio pretragu korisnika.', '2023-03-15 16:10:46', NULL, 1, '92.244.136.251', 'Belgrade', 'Serbia');
INSERT INTO `dnevnik` VALUES (6378, 'https://localhost:3000/podaciKorisnik', 'Službenik pristupio podacima korisnika', '2023-03-15 16:10:46', NULL, 1, '92.244.136.251', 'Belgrade', 'Serbia');
INSERT INTO `dnevnik` VALUES (6379, 'https://localhost:3000/podaciKorisnik', 'Službenik pristupio podacima korisnika', '2023-03-15 16:10:52', NULL, 1, '92.244.136.251', 'Belgrade', 'Serbia');
INSERT INTO `dnevnik` VALUES (6380, 'https://localhost:3000/sluzbenikPocetna', 'Službenik zatvorio stranicu sa podacima korisnika.', '2023-03-15 16:10:54', NULL, 1, '92.244.136.251', 'Belgrade', 'Serbia');
INSERT INTO `dnevnik` VALUES (6381, 'https://localhost:3000/sluzbenikPocetna', 'Službenik početna.', '2023-03-15 16:10:54', NULL, 1, '92.244.136.251', 'Belgrade', 'Serbia');
INSERT INTO `dnevnik` VALUES (6382, 'https://localhost:3000/pretragaKorisnika', 'Službenik pristupio pretrazi korisnika.', '2023-03-15 16:11:57', NULL, 1, '92.244.136.251', 'Belgrade', 'Serbia');
INSERT INTO `dnevnik` VALUES (6383, 'https://localhost:3000/pretragaKorisnika', 'Službenik izvršio pretragu korisnika.', '2023-03-15 16:11:57', NULL, 1, '92.244.136.251', 'Belgrade', 'Serbia');
INSERT INTO `dnevnik` VALUES (6384, 'https://localhost:3000/podaciKorisnik', 'Službenik pristupio podacima korisnika', '2023-03-15 16:11:57', NULL, 1, '92.244.136.251', 'Belgrade', 'Serbia');
INSERT INTO `dnevnik` VALUES (6385, 'https://localhost:3000/podaciKorisnik', 'Službenik obrisao korisnika.', '2023-03-15 16:12:01', NULL, 1, '92.244.136.251', 'Belgrade', 'Serbia');
INSERT INTO `dnevnik` VALUES (6386, 'https://localhost:3000/podaciKorisnik', 'Službenik pristupio podacima korisnika', '2023-03-15 16:12:03', NULL, 1, '92.244.136.251', 'Belgrade', 'Serbia');
INSERT INTO `dnevnik` VALUES (6387, 'https://localhost:3000/sluzbenikPocetna', 'Službenik zatvorio stranicu sa podacima korisnika.', '2023-03-15 16:12:05', NULL, 1, '92.244.136.251', 'Belgrade', 'Serbia');
INSERT INTO `dnevnik` VALUES (6388, 'https://localhost:3000/sluzbenikPocetna', 'Službenik početna.', '2023-03-15 16:12:05', NULL, 1, '92.244.136.251', 'Belgrade', 'Serbia');
INSERT INTO `dnevnik` VALUES (6389, 'https://localhost:3000/sluzbenikPocetna', 'Službenik početna.', '2023-03-15 16:12:47', NULL, 1, '92.244.136.251', 'Belgrade', 'Serbia');
INSERT INTO `dnevnik` VALUES (6390, 'https://localhost:3000/pretragaKorisnika', 'Službenik pristupio pretrazi korisnika.', '2023-03-15 16:12:48', NULL, 1, '92.244.136.251', 'Belgrade', 'Serbia');
INSERT INTO `dnevnik` VALUES (6391, 'https://localhost:3000/podaciKorisnik', 'Službenik pristupio podacima korisnika', '2023-03-15 16:13:07', NULL, 1, '92.244.136.251', 'Belgrade', 'Serbia');
INSERT INTO `dnevnik` VALUES (6392, 'https://localhost:3000/sluzbenikPocetna', 'Službenik zatvorio stranicu sa podacima korisnika.', '2023-03-15 16:13:07', NULL, 1, '92.244.136.251', 'Belgrade', 'Serbia');
INSERT INTO `dnevnik` VALUES (6393, 'https://localhost:3000/sluzbenikPocetna', 'Službenik početna.', '2023-03-15 16:13:07', NULL, 1, '92.244.136.251', 'Belgrade', 'Serbia');
INSERT INTO `dnevnik` VALUES (6394, 'https://localhost:3000/pretragaKorisnika', 'Službenik izvršio pretragu korisnika.', '2023-03-15 16:14:06', NULL, 1, '92.244.136.251', 'Belgrade', 'Serbia');
INSERT INTO `dnevnik` VALUES (6395, 'https://localhost:3000/pretragaKorisnika', 'Službenik pristupio pretrazi korisnika.', '2023-03-15 16:14:06', NULL, 1, '92.244.136.251', 'Belgrade', 'Serbia');
INSERT INTO `dnevnik` VALUES (6396, 'https://localhost:3000/dodajKorisnika', 'Službenik započeo dodavanje korisnika.', '2023-03-15 16:14:06', NULL, 1, '92.244.136.251', 'Belgrade', 'Serbia');
INSERT INTO `dnevnik` VALUES (6397, 'https://localhost:3000/podaciKorisnik', 'Službenik pristupio podacima korisnika', '2023-03-15 16:14:06', NULL, 1, '92.244.136.251', 'Belgrade', 'Serbia');
INSERT INTO `dnevnik` VALUES (6398, 'https://localhost:3000/podaciKorisnik', 'Službenik obrisao korisnika.', '2023-03-15 16:14:06', NULL, 1, '92.244.136.251', 'Belgrade', 'Serbia');
INSERT INTO `dnevnik` VALUES (6399, 'https://localhost:3000/pretragaKorisnika', 'Službenik završio dodavanje korisnika.', '2023-03-15 16:14:06', NULL, 1, '92.244.136.251', 'Belgrade', 'Serbia');
INSERT INTO `dnevnik` VALUES (6400, 'https://localhost:3000/security/prijavaSluzbenik', 'Službenik ulogovan.', '2023-03-15 16:15:20', NULL, 1, '92.244.136.251', 'Belgrade', 'Serbia');
INSERT INTO `dnevnik` VALUES (6401, 'https://localhost:3000/sluzbenikpocetna', 'Službenik početna.', '2023-03-15 16:15:20', NULL, 1, '92.244.136.251', 'Belgrade', 'Serbia');
INSERT INTO `dnevnik` VALUES (6402, 'https://localhost:3000/pretragaKorisnika', 'Službenik pristupio pretrazi korisnika.', '2023-03-15 16:15:25', NULL, 1, '92.244.136.251', 'Belgrade', 'Serbia');
INSERT INTO `dnevnik` VALUES (6403, 'https://localhost:3000/pretragaKorisnika', 'Službenik izvršio pretragu korisnika.', '2023-03-15 16:15:25', NULL, 1, '92.244.136.251', 'Belgrade', 'Serbia');
INSERT INTO `dnevnik` VALUES (6404, 'https://localhost:3000/podaciKorisnik', 'Službenik pristupio podacima korisnika', '2023-03-15 16:15:26', NULL, 1, '92.244.136.251', 'Belgrade', 'Serbia');
INSERT INTO `dnevnik` VALUES (6405, 'https://localhost:3000/podaciKorisnik', 'Službenik obrisao korisnika.', '2023-03-15 16:15:29', NULL, 1, '92.244.136.251', 'Belgrade', 'Serbia');
INSERT INTO `dnevnik` VALUES (6406, 'https://localhost:3000/podaciKorisnik', 'Službenik pristupio podacima korisnika', '2023-03-15 16:16:29', NULL, 1, '92.244.136.251', 'Belgrade', 'Serbia');
INSERT INTO `dnevnik` VALUES (6407, 'https://localhost:3000/sluzbenikPocetna', 'Službenik zatvorio stranicu sa podacima korisnika.', '2023-03-15 16:16:29', NULL, 1, '92.244.136.251', 'Belgrade', 'Serbia');
INSERT INTO `dnevnik` VALUES (6408, 'https://localhost:3000/sluzbenikPocetna', 'Službenik početna.', '2023-03-15 16:16:29', NULL, 1, '92.244.136.251', 'Belgrade', 'Serbia');
INSERT INTO `dnevnik` VALUES (6409, 'https://localhost:3000/pretragaKorisnika', 'Službenik pristupio pretrazi korisnika.', '2023-03-18 16:04:08', NULL, 1, '92.244.136.251', 'Belgrade', 'Serbia');
INSERT INTO `dnevnik` VALUES (6410, 'https://localhost:3000/security/prijavaSluzbenik', 'Službenik ulogovan.', '2023-03-18 16:04:34', NULL, 1, '92.244.136.251', 'Belgrade', 'Serbia');
INSERT INTO `dnevnik` VALUES (6411, 'https://localhost:3000/sluzbenikpocetna', 'Službenik početna.', '2023-03-18 16:04:34', NULL, 1, '92.244.136.251', 'Belgrade', 'Serbia');
INSERT INTO `dnevnik` VALUES (6412, 'https://localhost:3000/pretragaKorisnika', 'Službenik pristupio pretrazi korisnika.', '2023-03-18 16:04:35', NULL, 1, '92.244.136.251', 'Belgrade', 'Serbia');
INSERT INTO `dnevnik` VALUES (6413, 'https://localhost:3000/dodajKorisnika', 'Službenik započeo dodavanje korisnika.', '2023-03-18 16:04:43', NULL, 1, '92.244.136.251', 'Belgrade', 'Serbia');
INSERT INTO `dnevnik` VALUES (6414, 'https://localhost:3000/dodajKorisnika', 'Službenik dodao novog korisnika.', '2023-03-18 16:05:23', NULL, 1, '92.244.136.251', 'Belgrade', 'Serbia');
INSERT INTO `dnevnik` VALUES (6415, 'https://localhost:3000/dodajRacun', 'Službenik završio dodavanje korisnika.', '2023-03-18 16:05:23', NULL, 1, '92.244.136.251', 'Belgrade', 'Serbia');
INSERT INTO `dnevnik` VALUES (6416, 'https://localhost:3000/dodajRacun', 'Službenik započeo dodavanje računa za novog korisnika.', '2023-03-18 16:05:23', NULL, 1, '92.244.136.251', 'Belgrade', 'Serbia');
INSERT INTO `dnevnik` VALUES (6417, 'https://localhost:3000/dodajRacun', 'Službenik dodao račun za novog korisnika.', '2023-03-18 16:05:31', NULL, 1, '92.244.136.251', 'Belgrade', 'Serbia');
INSERT INTO `dnevnik` VALUES (6418, 'https://localhost:3000/pretragaKorisnika', 'Službenik završio dodavanje računa za novog korisnika', '2023-03-18 16:05:55', NULL, 1, '92.244.136.251', 'Belgrade', 'Serbia');
INSERT INTO `dnevnik` VALUES (6419, 'https://localhost:3000/pretragaKorisnika', 'Službenik pristupio pretrazi korisnika.', '2023-03-18 16:05:55', NULL, 1, '92.244.136.251', 'Belgrade', 'Serbia');
INSERT INTO `dnevnik` VALUES (6420, 'https://localhost:3000/pretragaKorisnika', 'Službenik izvršio pretragu korisnika.', '2023-03-18 16:05:58', NULL, 1, '92.244.136.251', 'Belgrade', 'Serbia');
INSERT INTO `dnevnik` VALUES (6421, 'https://localhost:3000/podaciKorisnik', 'Službenik pristupio podacima korisnika', '2023-03-18 16:05:59', NULL, 1, '92.244.136.251', 'Belgrade', 'Serbia');
INSERT INTO `dnevnik` VALUES (6422, 'https://localhost:3000/podaciKorisnik', 'Službenik zatvorio račun za korisnika.', '2023-03-18 16:06:09', NULL, 1, '92.244.136.251', 'Belgrade', 'Serbia');
INSERT INTO `dnevnik` VALUES (6423, 'https://localhost:3000/podaciKorisnik', 'Službenik pristupio podacima korisnika', '2023-03-18 16:07:20', NULL, 1, '92.244.136.251', 'Belgrade', 'Serbia');
INSERT INTO `dnevnik` VALUES (6424, 'https://localhost:3000/pretragaKorisnika', 'Službenik zatvorio stranicu sa podacima korisnika.', '2023-03-18 16:07:41', NULL, 1, '92.244.136.251', 'Belgrade', 'Serbia');
INSERT INTO `dnevnik` VALUES (6425, 'https://localhost:3000/pretragaKorisnika', 'Službenik pristupio pretrazi korisnika.', '2023-03-18 16:07:41', NULL, 1, '92.244.136.251', 'Belgrade', 'Serbia');
INSERT INTO `dnevnik` VALUES (6426, 'https://localhost:3000/pretragaKorisnika', 'Službenik izvršio pretragu korisnika.', '2023-03-18 16:07:49', NULL, 1, '92.244.136.251', 'Belgrade', 'Serbia');
INSERT INTO `dnevnik` VALUES (6427, 'https://localhost:3000/pretragaKorisnika', 'Službenik pristupio pretrazi korisnika.', '2023-03-18 16:11:26', NULL, 1, '92.244.136.251', 'Belgrade', 'Serbia');
INSERT INTO `dnevnik` VALUES (6428, 'https://localhost:3000/pretragaKorisnika', 'Službenik izvršio pretragu korisnika.', '2023-03-18 16:11:28', NULL, 1, '92.244.136.251', 'Belgrade', 'Serbia');
INSERT INTO `dnevnik` VALUES (6429, 'https://localhost:3000/podaciKorisnik', 'Službenik pristupio podacima korisnika', '2023-03-18 16:11:28', NULL, 1, '92.244.136.251', 'Belgrade', 'Serbia');
INSERT INTO `dnevnik` VALUES (6430, 'https://localhost:3000/podaciKorisnik', 'Službenik zatvorio račun za korisnika.', '2023-03-18 16:11:38', NULL, 1, '92.244.136.251', 'Belgrade', 'Serbia');
INSERT INTO `dnevnik` VALUES (6431, 'https://localhost:3000/podaciKorisnik', 'Službenik pristupio podacima korisnika', '2023-03-18 16:12:35', NULL, 1, '92.244.136.251', 'Belgrade', 'Serbia');
INSERT INTO `dnevnik` VALUES (6432, 'https://localhost:3000/sluzbenikPocetna', 'Službenik zatvorio stranicu sa podacima korisnika.', '2023-03-18 16:12:36', NULL, 1, '92.244.136.251', 'Belgrade', 'Serbia');
INSERT INTO `dnevnik` VALUES (6433, 'https://localhost:3000/sluzbenikPocetna', 'Službenik početna.', '2023-03-18 16:12:36', NULL, 1, '92.244.136.251', 'Belgrade', 'Serbia');
INSERT INTO `dnevnik` VALUES (6434, 'https://localhost:3000/pretragaKorisnika', 'Službenik pristupio pretrazi korisnika.', '2023-03-18 16:12:36', NULL, 1, '92.244.136.251', 'Belgrade', 'Serbia');
INSERT INTO `dnevnik` VALUES (6435, 'https://localhost:3000/pretragaKorisnika', 'Službenik izvršio pretragu korisnika.', '2023-03-18 16:12:37', NULL, 1, '92.244.136.251', 'Belgrade', 'Serbia');
INSERT INTO `dnevnik` VALUES (6436, 'https://localhost:3000/podaciKorisnik', 'Službenik pristupio podacima korisnika', '2023-03-18 16:12:38', NULL, 1, '92.244.136.251', 'Belgrade', 'Serbia');
INSERT INTO `dnevnik` VALUES (6437, 'https://localhost:3000/podaciKorisnik', 'Službenik zatvorio račun za korisnika.', '2023-03-18 16:12:40', NULL, 1, '92.244.136.251', 'Belgrade', 'Serbia');
INSERT INTO `dnevnik` VALUES (6438, 'https://localhost:3000/podaciKorisnik', 'Službenik pristupio podacima korisnika', '2023-03-18 16:13:49', NULL, 1, '92.244.136.251', 'Belgrade', 'Serbia');
INSERT INTO `dnevnik` VALUES (6439, 'https://localhost:3000/sluzbenikPocetna', 'Službenik zatvorio stranicu sa podacima korisnika.', '2023-03-18 16:13:50', NULL, 1, '92.244.136.251', 'Belgrade', 'Serbia');
INSERT INTO `dnevnik` VALUES (6440, 'https://localhost:3000/sluzbenikPocetna', 'Službenik početna.', '2023-03-18 16:13:50', NULL, 1, '92.244.136.251', 'Belgrade', 'Serbia');
INSERT INTO `dnevnik` VALUES (6441, 'https://localhost:3000/pretragaKorisnika', 'Službenik pristupio pretrazi korisnika.', '2023-03-18 16:13:51', NULL, 1, '92.244.136.251', 'Belgrade', 'Serbia');
INSERT INTO `dnevnik` VALUES (6442, 'https://localhost:3000/pretragaKorisnika', 'Službenik izvršio pretragu korisnika.', '2023-03-18 16:13:52', NULL, 1, '92.244.136.251', 'Belgrade', 'Serbia');
INSERT INTO `dnevnik` VALUES (6443, 'https://localhost:3000/podaciKorisnik', 'Službenik pristupio podacima korisnika', '2023-03-18 16:13:53', NULL, 1, '92.244.136.251', 'Belgrade', 'Serbia');
INSERT INTO `dnevnik` VALUES (6444, 'https://localhost:3000/podaciKorisnik', 'Službenik zatvorio račun za korisnika.', '2023-03-18 16:14:06', NULL, 1, '92.244.136.251', 'Belgrade', 'Serbia');
INSERT INTO `dnevnik` VALUES (6445, 'https://localhost:3000/podaciKorisnik', 'Službenik pristupio podacima korisnika', '2023-03-18 16:15:13', NULL, 1, '92.244.136.251', 'Belgrade', 'Serbia');
INSERT INTO `dnevnik` VALUES (6446, 'https://localhost:3000/sluzbenikPocetna', 'Službenik zatvorio stranicu sa podacima korisnika.', '2023-03-18 16:15:14', NULL, 1, '92.244.136.251', 'Belgrade', 'Serbia');
INSERT INTO `dnevnik` VALUES (6447, 'https://localhost:3000/sluzbenikPocetna', 'Službenik početna.', '2023-03-18 16:15:14', NULL, 1, '92.244.136.251', 'Belgrade', 'Serbia');
INSERT INTO `dnevnik` VALUES (6448, 'https://localhost:3000/pretragaKorisnika', 'Službenik pristupio pretrazi korisnika.', '2023-03-18 16:15:15', NULL, 1, '92.244.136.251', 'Belgrade', 'Serbia');
INSERT INTO `dnevnik` VALUES (6449, 'https://localhost:3000/pretragaKorisnika', 'Službenik izvršio pretragu korisnika.', '2023-03-18 16:15:19', NULL, 1, '92.244.136.251', 'Belgrade', 'Serbia');
INSERT INTO `dnevnik` VALUES (6450, 'https://localhost:3000/podaciKorisnik', 'Službenik pristupio podacima korisnika', '2023-03-18 16:15:20', NULL, 1, '92.244.136.251', 'Belgrade', 'Serbia');
INSERT INTO `dnevnik` VALUES (6451, 'https://localhost:3000/podaciKorisnik', 'Službenik zatvorio račun za korisnika.', '2023-03-18 16:15:29', NULL, 1, '92.244.136.251', 'Belgrade', 'Serbia');
INSERT INTO `dnevnik` VALUES (6452, 'https://localhost:3000/podaciKorisnik', 'Službenik pristupio podacima korisnika', '2023-03-18 16:17:32', NULL, 1, '92.244.136.251', 'Belgrade', 'Serbia');
INSERT INTO `dnevnik` VALUES (6453, 'https://localhost:3000/sluzbenikPocetna', 'Službenik zatvorio stranicu sa podacima korisnika.', '2023-03-18 16:17:33', NULL, 1, '92.244.136.251', 'Belgrade', 'Serbia');
INSERT INTO `dnevnik` VALUES (6454, 'https://localhost:3000/sluzbenikPocetna', 'Službenik početna.', '2023-03-18 16:17:33', NULL, 1, '92.244.136.251', 'Belgrade', 'Serbia');
INSERT INTO `dnevnik` VALUES (6455, 'https://localhost:3000/pretragaKorisnika', 'Službenik pristupio pretrazi korisnika.', '2023-03-18 16:17:34', NULL, 1, '92.244.136.251', 'Belgrade', 'Serbia');
INSERT INTO `dnevnik` VALUES (6456, 'https://localhost:3000/pretragaKorisnika', 'Službenik izvršio pretragu korisnika.', '2023-03-18 16:17:38', NULL, 1, '92.244.136.251', 'Belgrade', 'Serbia');
INSERT INTO `dnevnik` VALUES (6457, 'https://localhost:3000/podaciKorisnik', 'Službenik pristupio podacima korisnika', '2023-03-18 16:17:39', NULL, 1, '92.244.136.251', 'Belgrade', 'Serbia');
INSERT INTO `dnevnik` VALUES (6458, 'https://localhost:3000/podaciKorisnik', 'Službenik pristupio podacima korisnika', '2023-03-18 16:17:49', NULL, 1, '92.244.136.251', 'Belgrade', 'Serbia');
INSERT INTO `dnevnik` VALUES (6459, 'https://localhost:3000/podaciKorisnik', 'Službenik zatvorio stranicu sa podacima korisnika.', '2023-03-18 16:19:16', NULL, 1, '92.244.136.251', 'Belgrade', 'Serbia');
INSERT INTO `dnevnik` VALUES (6460, 'https://localhost:3000/podaciKorisnik', 'Službenik pristupio podacima korisnika', '2023-03-18 16:19:17', NULL, 1, '92.244.136.251', 'Belgrade', 'Serbia');
INSERT INTO `dnevnik` VALUES (6461, 'https://localhost:3000/podaciKorisnik', 'Službenik zatvorio stranicu sa podacima korisnika.', '2023-03-18 16:23:31', NULL, 1, '92.244.136.251', 'Belgrade', 'Serbia');
INSERT INTO `dnevnik` VALUES (6462, 'https://localhost:3000/podaciKorisnik', 'Službenik pristupio podacima korisnika', '2023-03-18 16:23:31', NULL, 1, '92.244.136.251', 'Belgrade', 'Serbia');
INSERT INTO `dnevnik` VALUES (6463, 'https://localhost:3000/podaciKorisnik', 'Službenik zatvorio stranicu sa podacima korisnika.', '2023-03-18 16:24:07', NULL, 1, '92.244.136.251', 'Belgrade', 'Serbia');
INSERT INTO `dnevnik` VALUES (6464, 'https://localhost:3000/podaciKorisnik', 'Službenik pristupio podacima korisnika', '2023-03-18 16:24:08', NULL, 1, '92.244.136.251', 'Belgrade', 'Serbia');
INSERT INTO `dnevnik` VALUES (6465, 'https://localhost:3000/podaciKorisnik', 'Službenik zatvorio stranicu sa podacima korisnika.', '2023-03-18 16:24:50', NULL, 1, '92.244.136.251', 'Belgrade', 'Serbia');
INSERT INTO `dnevnik` VALUES (6466, 'https://localhost:3000/podaciKorisnik', 'Službenik pristupio podacima korisnika', '2023-03-18 16:24:50', NULL, 1, '92.244.136.251', 'Belgrade', 'Serbia');
INSERT INTO `dnevnik` VALUES (6467, 'https://localhost:3000/podaciKorisnik', 'Službenik pristupio podacima korisnika', '2023-03-18 16:24:53', NULL, 1, '92.244.136.251', 'Belgrade', 'Serbia');
INSERT INTO `dnevnik` VALUES (6468, 'https://localhost:3000/podaciKorisnik', 'Službenik pristupio podacima korisnika', '2023-03-18 16:25:11', NULL, 1, '92.244.136.251', 'Belgrade', 'Serbia');
INSERT INTO `dnevnik` VALUES (6469, 'https://localhost:3000/podaciKorisnik', 'Službenik zatvorio stranicu sa podacima korisnika.', '2023-03-18 16:25:44', NULL, 1, '92.244.136.251', 'Belgrade', 'Serbia');
INSERT INTO `dnevnik` VALUES (6470, 'https://localhost:3000/podaciKorisnik', 'Službenik pristupio podacima korisnika', '2023-03-18 16:25:44', NULL, 1, '92.244.136.251', 'Belgrade', 'Serbia');
INSERT INTO `dnevnik` VALUES (6471, 'https://localhost:3000/podaciKorisnik', 'Službenik pristupio podacima korisnika', '2023-03-18 16:25:46', NULL, 1, '92.244.136.251', 'Belgrade', 'Serbia');
INSERT INTO `dnevnik` VALUES (6472, 'https://localhost:3000/podaciKorisnik', 'Službenik zatvorio stranicu sa podacima korisnika.', '2023-03-18 16:26:10', NULL, 1, '92.244.136.251', 'Belgrade', 'Serbia');
INSERT INTO `dnevnik` VALUES (6473, 'https://localhost:3000/podaciKorisnik', 'Službenik pristupio podacima korisnika', '2023-03-18 16:26:10', NULL, 1, '92.244.136.251', 'Belgrade', 'Serbia');
INSERT INTO `dnevnik` VALUES (6474, 'https://localhost:3000/podaciKorisnik', 'Službenik zatvorio stranicu sa podacima korisnika.', '2023-03-18 16:27:00', NULL, 1, '92.244.136.251', 'Belgrade', 'Serbia');
INSERT INTO `dnevnik` VALUES (6475, 'https://localhost:3000/podaciKorisnik', 'Službenik pristupio podacima korisnika', '2023-03-18 16:27:00', NULL, 1, '92.244.136.251', 'Belgrade', 'Serbia');
INSERT INTO `dnevnik` VALUES (6476, 'https://localhost:3000/podaciKorisnik', 'Službenik pristupio podacima korisnika', '2023-03-18 16:27:04', NULL, 1, '92.244.136.251', 'Belgrade', 'Serbia');
INSERT INTO `dnevnik` VALUES (6477, 'https://localhost:3000/podaciKorisnik', 'Službenik pristupio podacima korisnika', '2023-03-18 16:27:23', NULL, 1, '92.244.136.251', 'Belgrade', 'Serbia');
INSERT INTO `dnevnik` VALUES (6478, 'https://localhost:3000/podaciKorisnik', 'Službenik zatvorio stranicu sa podacima korisnika.', '2023-03-18 16:30:58', NULL, 1, '92.244.136.251', 'Belgrade', 'Serbia');
INSERT INTO `dnevnik` VALUES (6479, 'https://localhost:3000/podaciKorisnik', 'Službenik pristupio podacima korisnika', '2023-03-18 16:30:58', NULL, 1, '92.244.136.251', 'Belgrade', 'Serbia');
INSERT INTO `dnevnik` VALUES (6480, 'https://localhost:3000/podaciKorisnik', 'Službenik pristupio podacima korisnika', '2023-03-18 16:31:01', NULL, 1, '92.244.136.251', 'Belgrade', 'Serbia');
INSERT INTO `dnevnik` VALUES (6481, 'https://localhost:3000/podaciKorisnik', 'Službenik pristupio podacima korisnika', '2023-03-18 16:31:19', NULL, 1, '92.244.136.251', 'Belgrade', 'Serbia');
INSERT INTO `dnevnik` VALUES (6482, 'https://localhost:3000/podaciKorisnik', 'Službenik zatvorio stranicu sa podacima korisnika.', '2023-03-18 16:32:18', NULL, 1, '92.244.136.251', 'Belgrade', 'Serbia');
INSERT INTO `dnevnik` VALUES (6483, 'https://localhost:3000/podaciKorisnik', 'Službenik pristupio podacima korisnika', '2023-03-18 16:32:18', NULL, 1, '92.244.136.251', 'Belgrade', 'Serbia');
INSERT INTO `dnevnik` VALUES (6484, 'https://localhost:3000/podaciKorisnik', 'Službenik pristupio podacima korisnika', '2023-03-18 16:32:25', NULL, 1, '92.244.136.251', 'Belgrade', 'Serbia');
INSERT INTO `dnevnik` VALUES (6485, 'https://localhost:3000/podaciKorisnik', 'Službenik zatvorio stranicu sa podacima korisnika.', '2023-03-18 16:33:48', NULL, 1, '92.244.136.251', 'Belgrade', 'Serbia');
INSERT INTO `dnevnik` VALUES (6486, 'https://localhost:3000/podaciKorisnik', 'Službenik pristupio podacima korisnika', '2023-03-18 16:33:48', NULL, 1, '92.244.136.251', 'Belgrade', 'Serbia');
INSERT INTO `dnevnik` VALUES (6487, 'https://localhost:3000/podaciKorisnik', 'Službenik pristupio podacima korisnika', '2023-03-18 16:33:54', NULL, 1, '92.244.136.251', 'Belgrade', 'Serbia');
INSERT INTO `dnevnik` VALUES (6488, 'https://localhost:3000/podaciKorisnik', 'Službenik pristupio podacima korisnika', '2023-03-18 16:34:04', NULL, 1, '92.244.136.251', 'Belgrade', 'Serbia');
INSERT INTO `dnevnik` VALUES (6489, 'https://localhost:3000/podaciKorisnik', 'Službenik zatvorio stranicu sa podacima korisnika.', '2023-03-18 16:34:21', NULL, 1, '92.244.136.251', 'Belgrade', 'Serbia');
INSERT INTO `dnevnik` VALUES (6490, 'https://localhost:3000/podaciKorisnik', 'Službenik pristupio podacima korisnika', '2023-03-18 16:34:21', NULL, 1, '92.244.136.251', 'Belgrade', 'Serbia');
INSERT INTO `dnevnik` VALUES (6491, 'https://localhost:3000/podaciKorisnik', 'Službenik pristupio podacima korisnika', '2023-03-18 16:34:31', NULL, 1, '92.244.136.251', 'Belgrade', 'Serbia');
INSERT INTO `dnevnik` VALUES (6492, 'https://localhost:3000/podaciKorisnik', 'Službenik zatvorio stranicu sa podacima korisnika.', '2023-03-18 16:34:43', NULL, 1, '92.244.136.251', 'Belgrade', 'Serbia');
INSERT INTO `dnevnik` VALUES (6493, 'https://localhost:3000/podaciKorisnik', 'Službenik pristupio podacima korisnika', '2023-03-18 16:34:43', NULL, 1, '92.244.136.251', 'Belgrade', 'Serbia');
INSERT INTO `dnevnik` VALUES (6494, 'https://localhost:3000/podaciKorisnik', 'Službenik zatvorio stranicu sa podacima korisnika.', '2023-03-18 16:34:55', NULL, 1, '92.244.136.251', 'Belgrade', 'Serbia');
INSERT INTO `dnevnik` VALUES (6495, 'https://localhost:3000/podaciKorisnik', 'Službenik pristupio podacima korisnika', '2023-03-18 16:34:55', NULL, 1, '92.244.136.251', 'Belgrade', 'Serbia');
INSERT INTO `dnevnik` VALUES (6496, 'https://localhost:3000/podaciKorisnik', 'Službenik pristupio podacima korisnika', '2023-03-18 16:35:10', NULL, 1, '92.244.136.251', 'Belgrade', 'Serbia');
INSERT INTO `dnevnik` VALUES (6497, 'https://localhost:3000/podaciKorisnik', 'Službenik pristupio podacima korisnika', '2023-03-18 16:35:46', NULL, 1, '92.244.136.251', 'Belgrade', 'Serbia');
INSERT INTO `dnevnik` VALUES (6498, 'https://localhost:3000/podaciKorisnik', 'Službenik pristupio podacima korisnika', '2023-03-18 16:36:07', NULL, 1, '92.244.136.251', 'Belgrade', 'Serbia');
INSERT INTO `dnevnik` VALUES (6499, 'https://localhost:3000/podaciKorisnik', 'Službenik pristupio podacima korisnika', '2023-03-18 16:36:23', NULL, 1, '92.244.136.251', 'Belgrade', 'Serbia');
INSERT INTO `dnevnik` VALUES (6500, 'https://localhost:3000/sluzbenikPocetna', 'Službenik zatvorio stranicu sa podacima korisnika.', '2023-03-18 16:36:23', NULL, 1, '92.244.136.251', 'Belgrade', 'Serbia');
INSERT INTO `dnevnik` VALUES (6501, 'https://localhost:3000/sluzbenikPocetna', 'Službenik početna.', '2023-03-18 16:36:23', NULL, 1, '92.244.136.251', 'Belgrade', 'Serbia');
INSERT INTO `dnevnik` VALUES (6502, 'https://localhost:3000/pretragaKorisnika', 'Službenik pristupio pretrazi korisnika.', '2023-03-18 16:36:23', NULL, 1, '92.244.136.251', 'Belgrade', 'Serbia');
INSERT INTO `dnevnik` VALUES (6503, 'https://localhost:3000/sluzbenikPocetna', 'Službenik početna.', '2023-03-18 16:36:30', NULL, 1, '92.244.136.251', 'Belgrade', 'Serbia');
INSERT INTO `dnevnik` VALUES (6504, 'https://localhost:3000/podaciKorisnik', 'Službenik pristupio podacima korisnika', '2023-03-18 16:36:31', NULL, 1, '92.244.136.251', 'Belgrade', 'Serbia');
INSERT INTO `dnevnik` VALUES (6505, 'https://localhost:3000/sluzbenikPocetna', 'Službenik zatvorio stranicu sa podacima korisnika.', '2023-03-18 16:36:36', NULL, 1, '92.244.136.251', 'Belgrade', 'Serbia');
INSERT INTO `dnevnik` VALUES (6506, 'https://localhost:3000/sluzbenikPocetna', 'Službenik početna.', '2023-03-18 16:36:36', NULL, 1, '92.244.136.251', 'Belgrade', 'Serbia');
INSERT INTO `dnevnik` VALUES (6507, 'https://localhost:3000/pretragaKorisnika', 'Službenik pristupio pretrazi korisnika.', '2023-03-18 16:36:50', NULL, 1, '92.244.136.251', 'Belgrade', 'Serbia');
INSERT INTO `dnevnik` VALUES (6508, 'https://localhost:3000/pretragaKorisnika', 'Službenik izvršio pretragu korisnika.', '2023-03-18 16:36:50', NULL, 1, '92.244.136.251', 'Belgrade', 'Serbia');
INSERT INTO `dnevnik` VALUES (6509, 'https://localhost:3000/podaciKorisnik', 'Službenik pristupio podacima korisnika', '2023-03-18 16:36:51', NULL, 1, '92.244.136.251', 'Belgrade', 'Serbia');
INSERT INTO `dnevnik` VALUES (6510, 'https://localhost:3000/podaciKorisnik', 'Službenik pristupio podacima korisnika', '2023-03-18 16:37:02', NULL, 1, '92.244.136.251', 'Belgrade', 'Serbia');
INSERT INTO `dnevnik` VALUES (6511, 'https://localhost:3000/podaciKorisnik', 'Službenik zatvorio stranicu sa podacima korisnika.', '2023-03-18 16:39:50', NULL, 1, '92.244.136.251', 'Belgrade', 'Serbia');
INSERT INTO `dnevnik` VALUES (6512, 'https://localhost:3000/podaciKorisnik', 'Službenik pristupio podacima korisnika', '2023-03-18 16:39:50', NULL, 1, '92.244.136.251', 'Belgrade', 'Serbia');
INSERT INTO `dnevnik` VALUES (6513, 'https://localhost:3000/podaciKorisnik', 'Službenik zatvorio stranicu sa podacima korisnika.', '2023-03-18 16:40:02', NULL, 1, '92.244.136.251', 'Belgrade', 'Serbia');
INSERT INTO `dnevnik` VALUES (6514, 'https://localhost:3000/podaciKorisnik', 'Službenik pristupio podacima korisnika', '2023-03-18 16:40:03', NULL, 1, '92.244.136.251', 'Belgrade', 'Serbia');
INSERT INTO `dnevnik` VALUES (6515, 'https://localhost:3000/sluzbenikPocetna', 'Službenik zatvorio stranicu sa podacima korisnika.', '2023-03-18 16:40:04', NULL, 1, '92.244.136.251', 'Belgrade', 'Serbia');
INSERT INTO `dnevnik` VALUES (6516, 'https://localhost:3000/sluzbenikPocetna', 'Službenik početna.', '2023-03-18 16:40:04', NULL, 1, '92.244.136.251', 'Belgrade', 'Serbia');
INSERT INTO `dnevnik` VALUES (6517, 'https://localhost:3000/dodajKorisnika', 'Službenik započeo dodavanje korisnika.', '2023-03-18 16:40:30', NULL, 1, '92.244.136.251', 'Belgrade', 'Serbia');
INSERT INTO `dnevnik` VALUES (6518, 'https://localhost:3000/pretragaKorisnika', 'Službenik završio dodavanje korisnika.', '2023-03-18 16:40:30', NULL, 1, '92.244.136.251', 'Belgrade', 'Serbia');
INSERT INTO `dnevnik` VALUES (6519, 'https://localhost:3000/pretragaKorisnika', 'Službenik pristupio pretrazi korisnika.', '2023-03-18 16:40:30', NULL, 1, '92.244.136.251', 'Belgrade', 'Serbia');
INSERT INTO `dnevnik` VALUES (6520, 'https://localhost:3000/pretragaKorisnika', 'Službenik izvršio pretragu korisnika.', '2023-03-18 16:40:30', NULL, 1, '92.244.136.251', 'Belgrade', 'Serbia');
INSERT INTO `dnevnik` VALUES (6521, 'https://localhost:3000/podaciKorisnik', 'Službenik pristupio podacima korisnika', '2023-03-18 16:40:30', NULL, 1, '92.244.136.251', 'Belgrade', 'Serbia');
INSERT INTO `dnevnik` VALUES (6522, 'https://localhost:3000/podaciKorisnik', 'Službenik zatvorio stranicu sa podacima korisnika.', '2023-03-18 16:41:39', NULL, 1, '92.244.136.251', 'Belgrade', 'Serbia');
INSERT INTO `dnevnik` VALUES (6523, 'https://localhost:3000/podaciKorisnik', 'Službenik pristupio podacima korisnika', '2023-03-18 16:41:39', NULL, 1, '92.244.136.251', 'Belgrade', 'Serbia');
INSERT INTO `dnevnik` VALUES (6524, 'https://localhost:3000/podaciKorisnik', 'Službenik pristupio podacima korisnika', '2023-03-18 16:41:40', NULL, 1, '92.244.136.251', 'Belgrade', 'Serbia');
INSERT INTO `dnevnik` VALUES (6525, 'https://localhost:3000/pretragaKorisnika', 'Službenik zatvorio stranicu sa podacima korisnika.', '2023-03-18 16:41:59', NULL, 1, '92.244.136.251', 'Belgrade', 'Serbia');
INSERT INTO `dnevnik` VALUES (6526, 'https://localhost:3000/pretragaKorisnika', 'Službenik pristupio pretrazi korisnika.', '2023-03-18 16:41:59', NULL, 1, '92.244.136.251', 'Belgrade', 'Serbia');
INSERT INTO `dnevnik` VALUES (6527, 'https://localhost:3000/pretragaKorisnika', 'Službenik izvršio pretragu korisnika.', '2023-03-18 16:43:15', NULL, 1, '92.244.136.251', 'Belgrade', 'Serbia');
INSERT INTO `dnevnik` VALUES (6528, 'https://localhost:3000/sluzbenikPocetna', 'Službenik zatvorio stranicu sa podacima korisnika.', '2023-03-18 16:43:57', NULL, 1, '92.244.136.251', 'Belgrade', 'Serbia');
INSERT INTO `dnevnik` VALUES (6529, 'https://localhost:3000/sluzbenikPocetna', 'Službenik početna.', '2023-03-18 16:43:57', NULL, 1, '92.244.136.251', 'Belgrade', 'Serbia');
INSERT INTO `dnevnik` VALUES (6530, 'https://localhost:3000/odjavaSluzbenik', 'Službenik logout', '2023-03-18 16:44:05', NULL, 1, '92.244.136.251', 'Belgrade', 'Serbia');
INSERT INTO `dnevnik` VALUES (6531, 'https://localhost:3000/security/prijavaKorisnik', 'Ulogovan korisnik', '2023-03-20 15:06:42', 1, NULL, '92.244.136.251', 'Belgrade', 'Serbia');
INSERT INTO `dnevnik` VALUES (6532, 'https://localhost:3000/korisnik/pregledRacuni', 'Pregled računa, početna stranica', '2023-03-20 15:06:42', 1, NULL, '92.244.136.251', 'Belgrade', 'Serbia');
INSERT INTO `dnevnik` VALUES (6533, 'https://localhost:3000/transakcija', 'Korisnik pristupio stranici za prenos novca.', '2023-03-20 15:06:47', 1, NULL, '92.244.136.251', 'Belgrade', 'Serbia');
INSERT INTO `dnevnik` VALUES (6534, 'https://localhost:3000/transakcija', 'Korisnik zatvorio stranicu za prenos novca.', '2023-03-20 15:06:54', 1, NULL, '92.244.136.251', 'Belgrade', 'Serbia');
INSERT INTO `dnevnik` VALUES (6535, 'https://localhost:3000/transakcija', 'Korisnik pristupio stranici za prenos novca.', '2023-03-20 15:06:56', 1, NULL, '92.244.136.251', 'Belgrade', 'Serbia');
INSERT INTO `dnevnik` VALUES (6536, 'https://localhost:3000/transakcija', 'Korisnik zatvorio stranicu za prenos novca.', '2023-03-20 15:08:07', 1, NULL, '92.244.136.251', 'Belgrade', 'Serbia');
INSERT INTO `dnevnik` VALUES (6537, 'https://localhost:3000/transakcija', 'Korisnik pristupio stranici za prenos novca.', '2023-03-20 15:08:07', 1, NULL, '92.244.136.251', 'Belgrade', 'Serbia');
INSERT INTO `dnevnik` VALUES (6538, 'https://localhost:3000/transakcija', 'Korisnik pristupio stranici za prenos novca.', '2023-03-20 15:08:13', 1, NULL, '92.244.136.251', 'Belgrade', 'Serbia');
INSERT INTO `dnevnik` VALUES (6539, 'https://localhost:3000/transakcija', 'Korisnik zatvorio stranicu za prenos novca.', '2023-03-20 15:08:49', 1, NULL, '92.244.136.251', 'Belgrade', 'Serbia');
INSERT INTO `dnevnik` VALUES (6540, 'https://localhost:3000/transakcija', 'Korisnik pristupio stranici za prenos novca.', '2023-03-20 15:08:49', 1, NULL, '92.244.136.251', 'Belgrade', 'Serbia');
INSERT INTO `dnevnik` VALUES (6541, 'https://localhost:3000/transakcija', 'Korisnik pristupio stranici za prenos novca.', '2023-03-20 15:08:54', 1, NULL, '92.244.136.251', 'Belgrade', 'Serbia');
INSERT INTO `dnevnik` VALUES (6542, 'https://localhost:3000/transakcija', 'Korisnik pristupio stranici za prenos novca.', '2023-03-20 15:09:44', 1, NULL, '92.244.136.251', 'Belgrade', 'Serbia');
INSERT INTO `dnevnik` VALUES (6543, 'https://localhost:3000/transakcija', 'Korisnik pristupio stranici za prenos novca.', '2023-03-20 15:10:03', 1, NULL, '92.244.136.251', 'Belgrade', 'Serbia');
INSERT INTO `dnevnik` VALUES (6544, 'https://localhost:3000/transakcija', 'Korisnik zatvorio stranicu za prenos novca.', '2023-03-20 15:11:17', 1, NULL, '92.244.136.251', 'Belgrade', 'Serbia');
INSERT INTO `dnevnik` VALUES (6545, 'https://localhost:3000/transakcija', 'Korisnik pristupio stranici za prenos novca.', '2023-03-20 15:11:17', 1, NULL, '92.244.136.251', 'Belgrade', 'Serbia');
INSERT INTO `dnevnik` VALUES (6546, 'https://localhost:3000/transakcija', 'Korisnik pristupio stranici za prenos novca.', '2023-03-20 15:11:21', 1, NULL, '92.244.136.251', 'Belgrade', 'Serbia');
INSERT INTO `dnevnik` VALUES (6547, 'https://localhost:3000/transakcija', 'Korisnik zatvorio stranicu za prenos novca.', '2023-03-20 15:11:53', 1, NULL, '92.244.136.251', 'Belgrade', 'Serbia');
INSERT INTO `dnevnik` VALUES (6548, 'https://localhost:3000/transakcija', 'Korisnik pristupio stranici za prenos novca.', '2023-03-20 15:11:53', 1, NULL, '92.244.136.251', 'Belgrade', 'Serbia');
INSERT INTO `dnevnik` VALUES (6549, 'https://localhost:3000/transakcija', 'Korisnik zatvorio stranicu za prenos novca.', '2023-03-20 15:12:29', 1, NULL, '92.244.136.251', 'Belgrade', 'Serbia');
INSERT INTO `dnevnik` VALUES (6550, 'https://localhost:3000/transakcija', 'Korisnik pristupio stranici za prenos novca.', '2023-03-20 15:12:29', 1, NULL, '92.244.136.251', 'Belgrade', 'Serbia');
INSERT INTO `dnevnik` VALUES (6551, 'https://localhost:3000/transakcija', 'Korisnik pristupio stranici za prenos novca.', '2023-03-20 15:12:34', 1, NULL, '92.244.136.251', 'Belgrade', 'Serbia');
INSERT INTO `dnevnik` VALUES (6552, 'https://localhost:3000/transakcija', 'Korisnik pristupio stranici za prenos novca.', '2023-03-20 15:13:08', 1, NULL, '92.244.136.251', 'Belgrade', 'Serbia');
INSERT INTO `dnevnik` VALUES (6553, 'https://localhost:3000/transakcija', 'Korisnik zatvorio stranicu za prenos novca.', '2023-03-20 15:17:09', 1, NULL, '92.244.136.251', 'Belgrade', 'Serbia');
INSERT INTO `dnevnik` VALUES (6554, 'https://localhost:3000/transakcija', 'Korisnik pristupio stranici za prenos novca.', '2023-03-20 15:17:09', 1, NULL, '92.244.136.251', 'Belgrade', 'Serbia');
INSERT INTO `dnevnik` VALUES (6555, 'https://localhost:3000/transakcija', 'Korisnik pristupio stranici za prenos novca.', '2023-03-20 15:17:15', 1, NULL, '92.244.136.251', 'Belgrade', 'Serbia');
INSERT INTO `dnevnik` VALUES (6556, 'https://localhost:3000/transakcija', 'Korisnik zatvorio stranicu za prenos novca.', '2023-03-20 15:17:48', 1, NULL, '92.244.136.251', 'Belgrade', 'Serbia');
INSERT INTO `dnevnik` VALUES (6557, 'https://localhost:3000/transakcija', 'Korisnik pristupio stranici za prenos novca.', '2023-03-20 15:17:48', 1, NULL, '92.244.136.251', 'Belgrade', 'Serbia');
INSERT INTO `dnevnik` VALUES (6558, 'https://localhost:3000/transakcija', 'Korisnik zatvorio stranicu za prenos novca.', '2023-03-20 15:21:14', 1, NULL, '92.244.136.251', 'Belgrade', 'Serbia');
INSERT INTO `dnevnik` VALUES (6559, 'https://localhost:3000/transakcija', 'Korisnik pristupio stranici za prenos novca.', '2023-03-20 15:21:14', 1, NULL, '92.244.136.251', 'Belgrade', 'Serbia');
INSERT INTO `dnevnik` VALUES (6560, 'https://localhost:3000/transakcija', 'Korisnik pristupio stranici za prenos novca.', '2023-03-20 15:21:30', 1, NULL, '92.244.136.251', 'Belgrade', 'Serbia');
INSERT INTO `dnevnik` VALUES (6561, 'https://localhost:3000/transakcija', 'Korisnik pristupio stranici za prenos novca.', '2023-03-20 15:21:35', 1, NULL, '92.244.136.251', 'Belgrade', 'Serbia');
INSERT INTO `dnevnik` VALUES (6562, 'https://localhost:3000/transakcija', 'Korisnik izvršio transakciju.', '2023-03-20 15:23:41', 1, NULL, '92.244.136.251', 'Belgrade', 'Serbia');
INSERT INTO `dnevnik` VALUES (6563, 'https://localhost:3000/transakcija', 'Korisnik pristupio stranici za prenos novca.', '2023-03-20 15:23:46', 1, NULL, '92.244.136.251', 'Belgrade', 'Serbia');
INSERT INTO `dnevnik` VALUES (6564, 'https://localhost:3000/transakcija', 'Korisnik pristupio stranici za prenos novca.', '2023-03-21 16:25:15', 1, NULL, '92.244.136.251', 'Belgrade', 'Serbia');
INSERT INTO `dnevnik` VALUES (6565, 'https://localhost:3000/transakcija', 'Korisnik pristupio stranici za prenos novca.', '2023-03-21 16:28:12', 1, NULL, '92.244.136.251', 'Belgrade', 'Serbia');
INSERT INTO `dnevnik` VALUES (6566, 'https://localhost:3000/transakcija', 'Korisnik izvršio transakciju.', '2023-03-21 16:28:39', 1, NULL, '92.244.136.251', 'Belgrade', 'Serbia');
INSERT INTO `dnevnik` VALUES (6567, 'https://localhost:3000/korisnik/pregledRacuni', 'Korisnik zatvorio stranicu za prenos novca.', '2023-03-21 16:28:39', 1, NULL, '92.244.136.251', 'Belgrade', 'Serbia');
INSERT INTO `dnevnik` VALUES (6568, 'https://localhost:3000/korisnik/pregledRacuni', 'Pregled računa, početna stranica', '2023-03-21 16:28:39', 1, NULL, '92.244.136.251', 'Belgrade', 'Serbia');
INSERT INTO `dnevnik` VALUES (6569, 'https://localhost:3000/pregledTransakcija/1', 'Korisnik pristupio pregledu transakcija.', '2023-03-21 16:28:40', 1, NULL, '92.244.136.251', 'Belgrade', 'Serbia');
INSERT INTO `dnevnik` VALUES (6570, 'https://localhost:3000/transakcija', 'Korisnik pristupio stranici za prenos novca.', '2023-03-21 16:30:08', 1, NULL, '92.244.136.251', 'Belgrade', 'Serbia');
INSERT INTO `dnevnik` VALUES (6571, 'https://localhost:3000/transakcija', 'Korisnik izvršio transakciju.', '2023-03-21 16:30:24', 1, NULL, '92.244.136.251', 'Belgrade', 'Serbia');
INSERT INTO `dnevnik` VALUES (6572, 'https://localhost:3000/korisnik/pregledRacuni', 'Korisnik zatvorio stranicu za prenos novca.', '2023-03-21 16:30:24', 1, NULL, '92.244.136.251', 'Belgrade', 'Serbia');
INSERT INTO `dnevnik` VALUES (6573, 'https://localhost:3000/korisnik/pregledRacuni', 'Pregled računa, početna stranica', '2023-03-21 16:30:24', 1, NULL, '92.244.136.251', 'Belgrade', 'Serbia');
INSERT INTO `dnevnik` VALUES (6574, 'https://localhost:3000/transakcija', 'Korisnik izvršio transakciju.', '2023-03-21 16:32:49', 1, NULL, '92.244.136.251', 'Belgrade', 'Serbia');
INSERT INTO `dnevnik` VALUES (6575, 'https://localhost:3000/transakcija', 'Korisnik pristupio stranici za prenos novca.', '2023-03-21 16:34:10', 1, NULL, '92.244.136.251', 'Belgrade', 'Serbia');
INSERT INTO `dnevnik` VALUES (6576, 'https://localhost:3000/transakcija', 'Korisnik izvršio transakciju.', '2023-03-21 16:34:23', 1, NULL, '92.244.136.251', 'Belgrade', 'Serbia');
INSERT INTO `dnevnik` VALUES (6577, 'https://localhost:3000/transakcija', 'Korisnik pristupio stranici za prenos novca.', '2023-03-21 16:36:40', 1, NULL, '92.244.136.251', 'Belgrade', 'Serbia');
INSERT INTO `dnevnik` VALUES (6578, 'https://localhost:3000/transakcija', 'Korisnik izvršio transakciju.', '2023-03-21 16:36:49', 1, NULL, '92.244.136.251', 'Belgrade', 'Serbia');
INSERT INTO `dnevnik` VALUES (6579, 'https://localhost:3000/korisnik/pregledRacuni', 'Korisnik zatvorio stranicu za prenos novca.', '2023-03-21 16:37:38', 1, NULL, '92.244.136.251', 'Belgrade', 'Serbia');
INSERT INTO `dnevnik` VALUES (6580, 'https://localhost:3000/korisnik/pregledRacuni', 'Pregled računa, početna stranica', '2023-03-21 16:37:38', 1, NULL, '92.244.136.251', 'Belgrade', 'Serbia');
INSERT INTO `dnevnik` VALUES (6581, 'https://localhost:3000/transakcija', 'Korisnik pristupio stranici za prenos novca.', '2023-03-21 16:37:44', 1, NULL, '92.244.136.251', 'Belgrade', 'Serbia');
INSERT INTO `dnevnik` VALUES (6582, 'https://localhost:3000/transakcija', 'Korisnik izvršio transakciju.', '2023-03-21 16:37:54', 1, NULL, '92.244.136.251', 'Belgrade', 'Serbia');
INSERT INTO `dnevnik` VALUES (6583, 'https://localhost:3000/korisnik/pregledRacuni', 'Korisnik zatvorio stranicu za prenos novca.', '2023-03-21 16:37:55', 1, NULL, '92.244.136.251', 'Belgrade', 'Serbia');
INSERT INTO `dnevnik` VALUES (6584, 'https://localhost:3000/korisnik/pregledRacuni', 'Pregled računa, početna stranica', '2023-03-21 16:37:55', 1, NULL, '92.244.136.251', 'Belgrade', 'Serbia');
INSERT INTO `dnevnik` VALUES (6585, 'https://localhost:3000/transakcija', 'Korisnik pristupio stranici za prenos novca.', '2023-03-21 16:39:15', 1, NULL, '92.244.136.251', 'Belgrade', 'Serbia');
INSERT INTO `dnevnik` VALUES (6586, 'https://localhost:3000/transakcija', 'Korisnik pristupio stranici za prenos novca.', '2023-03-21 16:39:45', 1, NULL, '92.244.136.251', 'Belgrade', 'Serbia');
INSERT INTO `dnevnik` VALUES (6587, 'https://localhost:3000/transakcija', 'Korisnik zatvorio stranicu za prenos novca.', '2023-03-21 16:40:10', 1, NULL, '92.244.136.251', 'Belgrade', 'Serbia');
INSERT INTO `dnevnik` VALUES (6588, 'https://localhost:3000/transakcija', 'Korisnik pristupio stranici za prenos novca.', '2023-03-21 16:40:10', 1, NULL, '92.244.136.251', 'Belgrade', 'Serbia');
INSERT INTO `dnevnik` VALUES (6589, 'https://localhost:3000/transakcija', 'Korisnik pristupio stranici za prenos novca.', '2023-03-21 16:40:32', 1, NULL, '92.244.136.251', 'Belgrade', 'Serbia');
INSERT INTO `dnevnik` VALUES (6590, 'https://localhost:3000/transakcija', 'Korisnik izvršio transakciju.', '2023-03-21 16:40:46', 1, NULL, '92.244.136.251', 'Belgrade', 'Serbia');
INSERT INTO `dnevnik` VALUES (6591, 'https://localhost:3000/korisnik/pregledRacuni', 'Korisnik zatvorio stranicu za prenos novca.', '2023-03-21 16:40:49', 1, NULL, '92.244.136.251', 'Belgrade', 'Serbia');
INSERT INTO `dnevnik` VALUES (6592, 'https://localhost:3000/korisnik/pregledRacuni', 'Pregled računa, početna stranica', '2023-03-21 16:40:49', 1, NULL, '92.244.136.251', 'Belgrade', 'Serbia');
INSERT INTO `dnevnik` VALUES (6593, 'https://localhost:3000/transakcija', 'Korisnik pristupio stranici za prenos novca.', '2023-03-21 16:41:04', 1, NULL, '92.244.136.251', 'Belgrade', 'Serbia');
INSERT INTO `dnevnik` VALUES (6594, 'https://localhost:3000/transakcija', 'Korisnik izvršio transakciju.', '2023-03-21 16:41:16', 1, NULL, '92.244.136.251', 'Belgrade', 'Serbia');
INSERT INTO `dnevnik` VALUES (6595, 'https://localhost:3000/korisnik/pregledRacuni', 'Korisnik zatvorio stranicu za prenos novca.', '2023-03-21 16:41:17', 1, NULL, '92.244.136.251', 'Belgrade', 'Serbia');
INSERT INTO `dnevnik` VALUES (6596, 'https://localhost:3000/korisnik/pregledRacuni', 'Pregled računa, početna stranica', '2023-03-21 16:41:18', 1, NULL, '92.244.136.251', 'Belgrade', 'Serbia');
INSERT INTO `dnevnik` VALUES (6597, 'https://localhost:3000/pregledTransakcija/1', 'Korisnik pristupio pregledu transakcija.', '2023-03-21 16:41:23', 1, NULL, '92.244.136.251', 'Belgrade', 'Serbia');
INSERT INTO `dnevnik` VALUES (6598, 'https://localhost:3000/korisnik/pregledRacuni', 'Pregled računa, početna stranica', '2023-03-21 16:41:32', 1, NULL, '92.244.136.251', 'Belgrade', 'Serbia');
INSERT INTO `dnevnik` VALUES (6599, 'https://localhost:3000/menjacnica', 'Započeta razmena novca.', '2023-03-21 16:47:10', 1, NULL, '92.244.136.251', 'Belgrade', 'Serbia');
INSERT INTO `dnevnik` VALUES (6600, 'https://localhost:3000/menjacnica', 'Završena razmena novca', '2023-03-21 16:47:41', 1, NULL, '92.244.136.251', 'Belgrade', 'Serbia');
INSERT INTO `dnevnik` VALUES (6601, 'https://localhost:3000/menjacnica', 'Započeta razmena novca.', '2023-03-21 16:47:41', 1, NULL, '92.244.136.251', 'Belgrade', 'Serbia');
INSERT INTO `dnevnik` VALUES (6602, 'https://localhost:3000/menjacnica', 'Korisnik izvršio razmenu novca', '2023-03-21 16:50:45', 1, NULL, '92.244.136.251', 'Belgrade', 'Serbia');
INSERT INTO `dnevnik` VALUES (6603, 'https://localhost:3000/korisnik/pregledRacuni', 'Završena razmena novca', '2023-03-21 16:50:46', 1, NULL, '92.244.136.251', 'Belgrade', 'Serbia');
INSERT INTO `dnevnik` VALUES (6604, 'https://localhost:3000/korisnik/pregledRacuni', 'Pregled računa, početna stranica', '2023-03-21 16:50:46', 1, NULL, '92.244.136.251', 'Belgrade', 'Serbia');
INSERT INTO `dnevnik` VALUES (6605, 'https://localhost:3000/korisnik/pregledRacuni', 'Pregled računa, početna stranica', '2023-03-21 16:51:43', 1, NULL, '92.244.136.251', 'Belgrade', 'Serbia');
INSERT INTO `dnevnik` VALUES (6606, 'https://localhost:3000/menjacnica', 'Započeta razmena novca.', '2023-03-21 16:51:43', 1, NULL, '92.244.136.251', 'Belgrade', 'Serbia');
INSERT INTO `dnevnik` VALUES (6607, 'https://localhost:3000/menjacnica', 'Korisnik izvršio razmenu novca', '2023-03-21 16:51:43', 1, NULL, '92.244.136.251', 'Belgrade', 'Serbia');
INSERT INTO `dnevnik` VALUES (6608, 'https://localhost:3000/korisnik/pregledRacuni', 'Završena razmena novca', '2023-03-21 16:51:43', 1, NULL, '92.244.136.251', 'Belgrade', 'Serbia');
INSERT INTO `dnevnik` VALUES (6609, 'https://localhost:3000/korisnik/pregledRacuni', 'Pregled računa, početna stranica', '2023-03-21 16:51:43', 1, NULL, '92.244.136.251', 'Belgrade', 'Serbia');
INSERT INTO `dnevnik` VALUES (6610, 'https://localhost:3000/transakcija', 'Korisnik pristupio stranici za prenos novca.', '2023-03-21 16:53:08', 1, NULL, '92.244.136.251', 'Belgrade', 'Serbia');
INSERT INTO `dnevnik` VALUES (6611, 'https://localhost:3000/menjacnica', 'Korisnik zatvorio stranicu za prenos novca.', '2023-03-21 16:53:08', 1, NULL, '92.244.136.251', 'Belgrade', 'Serbia');
INSERT INTO `dnevnik` VALUES (6612, 'https://localhost:3000/menjacnica', 'Započeta razmena novca.', '2023-03-21 16:53:08', 1, NULL, '92.244.136.251', 'Belgrade', 'Serbia');
INSERT INTO `dnevnik` VALUES (6613, 'https://localhost:3000/menjacnica', 'Korisnik izvršio razmenu novca', '2023-03-21 16:53:28', 1, NULL, '92.244.136.251', 'Belgrade', 'Serbia');
INSERT INTO `dnevnik` VALUES (6614, 'https://localhost:3000/korisnik/pregledRacuni', 'Završena razmena novca', '2023-03-21 16:53:28', 1, NULL, '92.244.136.251', 'Belgrade', 'Serbia');
INSERT INTO `dnevnik` VALUES (6615, 'https://localhost:3000/korisnik/pregledRacuni', 'Pregled računa, početna stranica', '2023-03-21 16:53:28', 1, NULL, '92.244.136.251', 'Belgrade', 'Serbia');
INSERT INTO `dnevnik` VALUES (6616, 'https://localhost:3000/izmenaSifre', 'Započeta izmena šifre korisnika.', '2023-03-21 17:05:43', 1, NULL, '92.244.136.251', 'Belgrade', 'Serbia');
INSERT INTO `dnevnik` VALUES (6617, 'https://localhost:3000/izmenaSifre', 'Završena izmena šifre korisnika.', '2023-03-21 17:22:26', 1, NULL, '92.244.136.251', 'Belgrade', 'Serbia');
INSERT INTO `dnevnik` VALUES (6618, 'https://localhost:3000/izmenaSifre', 'Započeta izmena šifre korisnika.', '2023-03-21 17:22:26', 1, NULL, '92.244.136.251', 'Belgrade', 'Serbia');
INSERT INTO `dnevnik` VALUES (6619, 'https://localhost:3000/izmenaSifre', 'Započeta izmena šifre korisnika.', '2023-03-21 17:22:34', 1, NULL, '92.244.136.251', 'Belgrade', 'Serbia');
INSERT INTO `dnevnik` VALUES (6620, 'https://localhost:3000/izmenaSifre', 'Završena izmena šifre korisnika.', '2023-03-21 17:22:37', 1, NULL, '92.244.136.251', 'Belgrade', 'Serbia');
INSERT INTO `dnevnik` VALUES (6621, 'https://localhost:3000/izmenaSifre', 'Započeta izmena šifre korisnika.', '2023-03-21 17:22:42', 1, NULL, '92.244.136.251', 'Belgrade', 'Serbia');
INSERT INTO `dnevnik` VALUES (6622, 'https://localhost:3000/izmenaSifre', 'Završena izmena šifre korisnika.', '2023-03-21 17:23:58', 1, NULL, '92.244.136.251', 'Belgrade', 'Serbia');
INSERT INTO `dnevnik` VALUES (6623, 'https://localhost:3000/izmenaSifre', 'Započeta izmena šifre korisnika.', '2023-03-21 17:23:58', 1, NULL, '92.244.136.251', 'Belgrade', 'Serbia');
INSERT INTO `dnevnik` VALUES (6624, 'https://localhost:3000/izmenaSifre', 'Započeta izmena šifre korisnika.', '2023-03-21 17:24:01', 1, NULL, '92.244.136.251', 'Belgrade', 'Serbia');
INSERT INTO `dnevnik` VALUES (6625, 'https://localhost:3000/izmenaSifre', 'Započeta izmena šifre korisnika.', '2023-03-21 17:24:09', 1, NULL, '92.244.136.251', 'Belgrade', 'Serbia');
INSERT INTO `dnevnik` VALUES (6626, 'https://localhost:3000/izmenaSifre', 'Završena izmena šifre korisnika.', '2023-03-21 17:24:29', 1, NULL, '92.244.136.251', 'Belgrade', 'Serbia');
INSERT INTO `dnevnik` VALUES (6627, 'https://localhost:3000/izmenaSifre', 'Započeta izmena šifre korisnika.', '2023-03-21 17:24:30', 1, NULL, '92.244.136.251', 'Belgrade', 'Serbia');
INSERT INTO `dnevnik` VALUES (6628, 'https://localhost:3000/izmenaSifre', 'Započeta izmena šifre korisnika.', '2023-03-21 17:24:39', 1, NULL, '92.244.136.251', 'Belgrade', 'Serbia');
INSERT INTO `dnevnik` VALUES (6629, 'https://localhost:3000/izmenaSifre', 'Započeta izmena šifre korisnika.', '2023-03-21 17:25:05', 1, NULL, '92.244.136.251', 'Belgrade', 'Serbia');
INSERT INTO `dnevnik` VALUES (6630, 'https://localhost:3000/izmenaSifre', 'Završena izmena šifre korisnika.', '2023-03-21 17:25:32', 1, NULL, '92.244.136.251', 'Belgrade', 'Serbia');
INSERT INTO `dnevnik` VALUES (6631, 'https://localhost:3000/izmenaSifre', 'Započeta izmena šifre korisnika.', '2023-03-21 17:25:32', 1, NULL, '92.244.136.251', 'Belgrade', 'Serbia');
INSERT INTO `dnevnik` VALUES (6632, 'https://localhost:3000/izmenaSifre', 'Promenjena šifra korisnika', '2023-03-21 17:25:45', 1, NULL, '92.244.136.251', 'Belgrade', 'Serbia');
INSERT INTO `dnevnik` VALUES (6633, 'https://localhost:3000/izmenaSifre', 'Započeta izmena šifre korisnika.', '2023-03-21 17:25:50', 1, NULL, '92.244.136.251', 'Belgrade', 'Serbia');
INSERT INTO `dnevnik` VALUES (6634, 'https://localhost:3000/izmenaSifre', 'Započeta izmena šifre korisnika.', '2023-03-21 17:26:12', 1, NULL, '92.244.136.251', 'Belgrade', 'Serbia');
INSERT INTO `dnevnik` VALUES (6635, 'https://localhost:3000/izmenaSifre', 'Završena izmena šifre korisnika.', '2023-03-21 17:26:24', 1, NULL, '92.244.136.251', 'Belgrade', 'Serbia');
INSERT INTO `dnevnik` VALUES (6636, 'https://localhost:3000/izmenaSifre', 'Započeta izmena šifre korisnika.', '2023-03-21 17:26:25', 1, NULL, '92.244.136.251', 'Belgrade', 'Serbia');
INSERT INTO `dnevnik` VALUES (6637, 'https://localhost:3000/izmenaSifre', 'Završena izmena šifre korisnika.', '2023-03-21 17:26:40', 1, NULL, '92.244.136.251', 'Belgrade', 'Serbia');
INSERT INTO `dnevnik` VALUES (6638, 'https://localhost:3000/izmenaSifre', 'Započeta izmena šifre korisnika.', '2023-03-21 17:26:40', 1, NULL, '92.244.136.251', 'Belgrade', 'Serbia');
INSERT INTO `dnevnik` VALUES (6639, 'https://localhost:3000/izmenaSifre', 'Započeta izmena šifre korisnika.', '2023-03-21 17:26:54', 1, NULL, '92.244.136.251', 'Belgrade', 'Serbia');
INSERT INTO `dnevnik` VALUES (6640, 'https://localhost:3000/izmenaSifre', 'Promenjena šifra korisnika', '2023-03-21 17:27:11', 1, NULL, '92.244.136.251', 'Belgrade', 'Serbia');
INSERT INTO `dnevnik` VALUES (6641, 'https://localhost:3000/izmenaSifre', 'Započeta izmena šifre korisnika.', '2023-03-21 17:27:13', 1, NULL, '92.244.136.251', 'Belgrade', 'Serbia');
INSERT INTO `dnevnik` VALUES (6642, 'https://localhost:3000/korisnik/pregledRacuni', 'Završena izmena šifre korisnika.', '2023-03-21 17:27:30', 1, NULL, '92.244.136.251', 'Belgrade', 'Serbia');
INSERT INTO `dnevnik` VALUES (6643, 'https://localhost:3000/korisnik/pregledRacuni', 'Pregled računa, početna stranica', '2023-03-21 17:27:30', 1, NULL, '92.244.136.251', 'Belgrade', 'Serbia');
INSERT INTO `dnevnik` VALUES (6644, 'https://localhost:3000/odjavaKorisnik', 'Korisnik logout.', '2023-03-21 17:27:36', 1, NULL, '92.244.136.251', 'Belgrade', 'Serbia');
INSERT INTO `dnevnik` VALUES (6645, 'https://localhost:3000/security/prijavaKorisnik', 'Ulogovan korisnik', '2023-03-21 17:38:47', 1, NULL, '92.244.136.251', 'Belgrade', 'Serbia');
INSERT INTO `dnevnik` VALUES (6646, 'https://localhost:3000/korisnik/pregledRacuni', 'Pregled računa, početna stranica', '2023-03-21 17:38:47', 1, NULL, '92.244.136.251', 'Belgrade', 'Serbia');
INSERT INTO `dnevnik` VALUES (6647, 'https://localhost:3000/korisnik/pregledRacuni', 'Pregled računa, početna stranica', '2023-03-21 17:40:32', 1, NULL, '92.244.136.251', 'Belgrade', 'Serbia');
INSERT INTO `dnevnik` VALUES (6648, 'https://localhost:3000/odjavaKorisnik', 'Korisnik logout.', '2023-03-21 17:40:34', 1, NULL, '92.244.136.251', 'Belgrade', 'Serbia');
INSERT INTO `dnevnik` VALUES (6649, 'https://localhost:3000/security/prijavaSluzbenik', 'Službenik ulogovan.', '2023-03-21 17:43:00', NULL, 1, '92.244.136.251', 'Belgrade', 'Serbia');
INSERT INTO `dnevnik` VALUES (6650, 'https://localhost:3000/sluzbenikpocetna', 'Službenik početna.', '2023-03-21 17:43:00', NULL, 1, '92.244.136.251', 'Belgrade', 'Serbia');
INSERT INTO `dnevnik` VALUES (6651, 'https://localhost:3000/sluzbenikPocetna', 'Službenik početna.', '2023-03-21 17:43:28', NULL, 1, '92.244.136.251', 'Belgrade', 'Serbia');
INSERT INTO `dnevnik` VALUES (6652, 'https://localhost:3000/odjavaSluzbenik', 'Službenik logout', '2023-03-21 17:44:18', NULL, 1, '92.244.136.251', 'Belgrade', 'Serbia');
INSERT INTO `dnevnik` VALUES (6653, 'https://localhost:3000/security/prijavaSluzbenik', 'Službenik ulogovan.', '2023-03-21 17:51:26', NULL, 1, '92.244.136.251', 'Belgrade', 'Serbia');
INSERT INTO `dnevnik` VALUES (6654, 'https://localhost:3000/sluzbenikpocetna', 'Službenik početna.', '2023-03-21 17:51:26', NULL, 1, '92.244.136.251', 'Belgrade', 'Serbia');
INSERT INTO `dnevnik` VALUES (6655, 'https://localhost:3000/pretragaKorisnika', 'Službenik pristupio pretrazi korisnika.', '2023-03-21 17:51:26', NULL, 1, '92.244.136.251', 'Belgrade', 'Serbia');
INSERT INTO `dnevnik` VALUES (6656, 'https://localhost:3000/pretragaKorisnika', 'Službenik izvršio pretragu korisnika.', '2023-03-21 17:51:27', NULL, 1, '92.244.136.251', 'Belgrade', 'Serbia');
INSERT INTO `dnevnik` VALUES (6657, 'https://localhost:3000/podaciKorisnik', 'Službenik pristupio podacima korisnika', '2023-03-21 17:51:35', NULL, 1, '92.244.136.251', 'Belgrade', 'Serbia');
INSERT INTO `dnevnik` VALUES (6658, 'https://localhost:3000/isplataNovca/1', 'Službenik zatvorio stranicu sa podacima korisnika.', '2023-03-21 17:51:35', NULL, 1, '92.244.136.251', 'Belgrade', 'Serbia');
INSERT INTO `dnevnik` VALUES (6659, 'https://localhost:3000/podaciKorisnik', 'Službenik pristupio podacima korisnika', '2023-03-21 17:51:44', NULL, 1, '92.244.136.251', 'Belgrade', 'Serbia');
INSERT INTO `dnevnik` VALUES (6660, 'https://localhost:3000/podaciKorisnik', 'Službenik pristupio podacima korisnika', '2023-03-21 17:52:16', NULL, 1, '92.244.136.251', 'Belgrade', 'Serbia');
INSERT INTO `dnevnik` VALUES (6661, 'https://localhost:3000/isplataNovca/1', 'Službenik zatvorio stranicu sa podacima korisnika.', '2023-03-21 17:52:16', NULL, 1, '92.244.136.251', 'Belgrade', 'Serbia');
INSERT INTO `dnevnik` VALUES (6662, 'https://localhost:3000/dodajKorisnika', 'Službenik započeo dodavanje korisnika.', '2023-03-21 18:05:07', NULL, 1, '92.244.136.251', 'Belgrade', 'Serbia');
INSERT INTO `dnevnik` VALUES (6663, 'https://localhost:3000/dodajKorisnika', 'Službenik započeo dodavanje korisnika.', '2023-03-21 18:05:36', NULL, 1, '92.244.136.251', 'Belgrade', 'Serbia');
INSERT INTO `dnevnik` VALUES (6664, 'https://localhost:3000/dodajKorisnika', 'Službenik započeo dodavanje korisnika.', '2023-03-21 18:05:44', NULL, 1, '92.244.136.251', 'Belgrade', 'Serbia');
INSERT INTO `dnevnik` VALUES (6665, 'https://localhost:3000/dodajKorisnika', 'Službenik započeo dodavanje korisnika.', '2023-03-21 18:13:40', NULL, 1, '92.244.136.251', 'Belgrade', 'Serbia');
INSERT INTO `dnevnik` VALUES (6666, 'https://localhost:3000/dodajKorisnika', 'Službenik započeo dodavanje korisnika.', '2023-03-21 18:13:43', NULL, 1, '92.244.136.251', 'Belgrade', 'Serbia');
INSERT INTO `dnevnik` VALUES (6667, 'https://localhost:3000/dodajKorisnika', 'Službenik dodao novog korisnika.', '2023-03-21 18:14:27', NULL, 1, '92.244.136.251', 'Belgrade', 'Serbia');
INSERT INTO `dnevnik` VALUES (6668, 'https://localhost:3000/dodajRacun', 'Službenik završio dodavanje korisnika.', '2023-03-21 18:14:27', NULL, 1, '92.244.136.251', 'Belgrade', 'Serbia');
INSERT INTO `dnevnik` VALUES (6669, 'https://localhost:3000/dodajRacun', 'Službenik započeo dodavanje računa za novog korisnika.', '2023-03-21 18:14:27', NULL, 1, '92.244.136.251', 'Belgrade', 'Serbia');
INSERT INTO `dnevnik` VALUES (6670, 'https://localhost:3000/dodajRacun', 'Službenik dodao račun za novog korisnika.', '2023-03-21 18:14:57', NULL, 1, '92.244.136.251', 'Belgrade', 'Serbia');
INSERT INTO `dnevnik` VALUES (6671, 'https://localhost:3000/pretragaKorisnika', 'Službenik završio dodavanje računa za novog korisnika', '2023-03-21 18:15:39', NULL, 1, '92.244.136.251', 'Belgrade', 'Serbia');
INSERT INTO `dnevnik` VALUES (6672, 'https://localhost:3000/pretragaKorisnika', 'Službenik pristupio pretrazi korisnika.', '2023-03-21 18:15:39', NULL, 1, '92.244.136.251', 'Belgrade', 'Serbia');
INSERT INTO `dnevnik` VALUES (6673, 'https://localhost:3000/dodajKorisnika', 'Službenik započeo dodavanje korisnika.', '2023-03-21 18:15:40', NULL, 1, '92.244.136.251', 'Belgrade', 'Serbia');
INSERT INTO `dnevnik` VALUES (6674, 'https://localhost:3000/dodajKorisnika', 'Službenik završio dodavanje korisnika.', '2023-03-21 18:18:06', NULL, 1, '92.244.136.251', 'Belgrade', 'Serbia');
INSERT INTO `dnevnik` VALUES (6675, 'https://localhost:3000/dodajKorisnika', 'Službenik započeo dodavanje korisnika.', '2023-03-21 18:18:06', NULL, 1, '92.244.136.251', 'Belgrade', 'Serbia');
INSERT INTO `dnevnik` VALUES (6676, 'https://localhost:3000/dodajKorisnika', 'Službenik započeo dodavanje korisnika.', '2023-03-21 18:18:35', NULL, 1, '92.244.136.251', 'Belgrade', 'Serbia');
INSERT INTO `dnevnik` VALUES (6677, 'https://localhost:3000/dodajKorisnika', 'Službenik završio dodavanje korisnika.', '2023-03-21 18:22:57', NULL, 1, '92.244.136.251', 'Belgrade', 'Serbia');
INSERT INTO `dnevnik` VALUES (6678, 'https://localhost:3000/dodajKorisnika', 'Službenik započeo dodavanje korisnika.', '2023-03-21 18:22:57', NULL, 1, '92.244.136.251', 'Belgrade', 'Serbia');
INSERT INTO `dnevnik` VALUES (6679, 'https://localhost:3000/dodajKorisnika', 'Službenik započeo dodavanje korisnika.', '2023-03-21 18:23:16', NULL, 1, '92.244.136.251', 'Belgrade', 'Serbia');
INSERT INTO `dnevnik` VALUES (6680, 'https://localhost:3000/pretragaKorisnika', 'Službenik pristupio pretrazi korisnika.', '2023-03-21 18:26:55', NULL, 1, '92.244.136.251', 'Belgrade', 'Serbia');
INSERT INTO `dnevnik` VALUES (6681, 'https://localhost:3000/pretragaKorisnika', 'Službenik pristupio pretrazi korisnika.', '2023-03-21 18:28:02', NULL, 1, '92.244.136.251', 'Belgrade', 'Serbia');
INSERT INTO `dnevnik` VALUES (6682, 'https://localhost:3000/pretragaKorisnika', 'Službenik pristupio pretrazi korisnika.', '2023-03-21 18:28:11', NULL, 1, '92.244.136.251', 'Belgrade', 'Serbia');
INSERT INTO `dnevnik` VALUES (6683, 'https://localhost:3000/pretragaKorisnika', 'Službenik pristupio pretrazi korisnika.', '2023-03-21 18:28:23', NULL, 1, '92.244.136.251', 'Belgrade', 'Serbia');
INSERT INTO `dnevnik` VALUES (6684, 'https://localhost:3000/pretragaKorisnika', 'Službenik pristupio pretrazi korisnika.', '2023-03-21 18:28:38', NULL, 1, '92.244.136.251', 'Belgrade', 'Serbia');
INSERT INTO `dnevnik` VALUES (6685, 'https://localhost:3000/pretragaKorisnika', 'Službenik pristupio pretrazi korisnika.', '2023-03-21 18:28:49', NULL, 1, '92.244.136.251', 'Belgrade', 'Serbia');
INSERT INTO `dnevnik` VALUES (6686, 'https://localhost:3000/pretragaKorisnika', 'Službenik pristupio pretrazi korisnika.', '2023-03-21 18:28:57', NULL, 1, '92.244.136.251', 'Belgrade', 'Serbia');
INSERT INTO `dnevnik` VALUES (6687, 'https://localhost:3000/pretragaKorisnika', 'Službenik pristupio pretrazi korisnika.', '2023-03-21 18:29:54', NULL, 1, '92.244.136.251', 'Belgrade', 'Serbia');
INSERT INTO `dnevnik` VALUES (6688, 'https://localhost:3000/pretragaKorisnika', 'Službenik pristupio pretrazi korisnika.', '2023-03-21 18:30:18', NULL, 1, '92.244.136.251', 'Belgrade', 'Serbia');
INSERT INTO `dnevnik` VALUES (6689, 'https://localhost:3000/pretragaKorisnika', 'Službenik izvršio pretragu korisnika.', '2023-03-21 18:30:24', NULL, 1, '92.244.136.251', 'Belgrade', 'Serbia');
INSERT INTO `dnevnik` VALUES (6690, 'https://localhost:3000/pretragaKorisnika', 'Službenik pristupio pretrazi korisnika.', '2023-03-21 18:30:29', NULL, 1, '92.244.136.251', 'Belgrade', 'Serbia');
INSERT INTO `dnevnik` VALUES (6691, 'https://localhost:3000/pretragaKorisnika', 'Službenik izvršio pretragu korisnika.', '2023-03-21 18:30:32', NULL, 1, '92.244.136.251', 'Belgrade', 'Serbia');
INSERT INTO `dnevnik` VALUES (6692, 'https://localhost:3000/podaciKorisnik', 'Službenik pristupio podacima korisnika', '2023-03-21 18:30:36', NULL, 1, '92.244.136.251', 'Belgrade', 'Serbia');
INSERT INTO `dnevnik` VALUES (6693, 'https://localhost:3000/pretragaKorisnika', 'Službenik zatvorio stranicu sa podacima korisnika.', '2023-03-21 18:30:47', NULL, 1, '92.244.136.251', 'Belgrade', 'Serbia');
INSERT INTO `dnevnik` VALUES (6694, 'https://localhost:3000/pretragaKorisnika', 'Službenik pristupio pretrazi korisnika.', '2023-03-21 18:30:47', NULL, 1, '92.244.136.251', 'Belgrade', 'Serbia');
INSERT INTO `dnevnik` VALUES (6695, 'https://localhost:3000/pretragaKorisnika', 'Službenik izvršio pretragu korisnika.', '2023-03-21 18:30:47', NULL, 1, '92.244.136.251', 'Belgrade', 'Serbia');
INSERT INTO `dnevnik` VALUES (6696, 'https://localhost:3000/podaciKorisnik', 'Službenik pristupio podacima korisnika', '2023-03-21 18:30:47', NULL, 1, '92.244.136.251', 'Belgrade', 'Serbia');
INSERT INTO `dnevnik` VALUES (6697, 'https://localhost:3000/pretragaKorisnika', 'Službenik zatvorio stranicu sa podacima korisnika.', '2023-03-21 18:30:51', NULL, 1, '92.244.136.251', 'Belgrade', 'Serbia');
INSERT INTO `dnevnik` VALUES (6698, 'https://localhost:3000/pretragaKorisnika', 'Službenik pristupio pretrazi korisnika.', '2023-03-21 18:30:51', NULL, 1, '92.244.136.251', 'Belgrade', 'Serbia');
INSERT INTO `dnevnik` VALUES (6699, 'https://localhost:3000/pretragaKorisnika', 'Službenik pristupio pretrazi korisnika.', '2023-03-21 18:31:07', NULL, 1, '92.244.136.251', 'Belgrade', 'Serbia');
INSERT INTO `dnevnik` VALUES (6700, 'https://localhost:3000/pretragaKorisnika', 'Službenik izvršio pretragu korisnika.', '2023-03-21 18:58:26', NULL, 1, '92.244.136.251', 'Belgrade', 'Serbia');
INSERT INTO `dnevnik` VALUES (6701, 'https://localhost:3000/podaciKorisnik', 'Službenik pristupio podacima korisnika', '2023-03-21 18:58:27', NULL, 1, '92.244.136.251', 'Belgrade', 'Serbia');
INSERT INTO `dnevnik` VALUES (6702, 'https://localhost:3000/izmenaPodaciKorisnik', 'Službenik zatvorio stranicu sa podacima korisnika.', '2023-03-21 18:58:27', NULL, 1, '92.244.136.251', 'Belgrade', 'Serbia');
INSERT INTO `dnevnik` VALUES (6703, 'https://localhost:3000/izmenaPodaciKorisnik', 'Započeta izmena podataka za korisnika', '2023-03-21 18:58:27', NULL, 1, '92.244.136.251', 'Belgrade', 'Serbia');
INSERT INTO `dnevnik` VALUES (6704, 'https://localhost:3000/sluzbenikPocetna', 'Završena izmena podataka za korisnika.', '2023-03-21 18:58:45', NULL, 1, '92.244.136.251', 'Belgrade', 'Serbia');
INSERT INTO `dnevnik` VALUES (6705, 'https://localhost:3000/sluzbenikPocetna', 'Službenik početna.', '2023-03-21 18:58:45', NULL, 1, '92.244.136.251', 'Belgrade', 'Serbia');
INSERT INTO `dnevnik` VALUES (6706, 'https://localhost:3000/pretragaKorisnika', 'Službenik pristupio pretrazi korisnika.', '2023-03-21 18:58:45', NULL, 1, '92.244.136.251', 'Belgrade', 'Serbia');
INSERT INTO `dnevnik` VALUES (6707, 'https://localhost:3000/pretragaKorisnika', 'Službenik izvršio pretragu korisnika.', '2023-03-21 18:58:45', NULL, 1, '92.244.136.251', 'Belgrade', 'Serbia');
INSERT INTO `dnevnik` VALUES (6708, 'https://localhost:3000/podaciKorisnik', 'Službenik pristupio podacima korisnika', '2023-03-21 18:58:45', NULL, 1, '92.244.136.251', 'Belgrade', 'Serbia');
INSERT INTO `dnevnik` VALUES (6709, 'https://localhost:3000/izmenaPodaciKorisnik', 'Službenik zatvorio stranicu sa podacima korisnika.', '2023-03-21 18:58:58', NULL, 1, '92.244.136.251', 'Belgrade', 'Serbia');
INSERT INTO `dnevnik` VALUES (6710, 'https://localhost:3000/izmenaPodaciKorisnik', 'Započeta izmena podataka za korisnika', '2023-03-21 18:58:58', NULL, 1, '92.244.136.251', 'Belgrade', 'Serbia');
INSERT INTO `dnevnik` VALUES (6711, 'https://localhost:3000/sluzbenikPocetna', 'Završena izmena podataka za korisnika.', '2023-03-21 18:59:21', NULL, 1, '92.244.136.251', 'Belgrade', 'Serbia');
INSERT INTO `dnevnik` VALUES (6712, 'https://localhost:3000/sluzbenikPocetna', 'Službenik početna.', '2023-03-21 18:59:21', NULL, 1, '92.244.136.251', 'Belgrade', 'Serbia');
INSERT INTO `dnevnik` VALUES (6713, 'https://localhost:3000/security/prijavaSluzbenik', 'Službenik ulogovan.', '2023-03-22 14:33:26', NULL, 1, '92.244.136.251', 'Belgrade', 'Serbia');
INSERT INTO `dnevnik` VALUES (6714, 'https://localhost:3000/sluzbenikpocetna', 'Službenik početna.', '2023-03-22 14:33:26', NULL, 1, '92.244.136.251', 'Belgrade', 'Serbia');
INSERT INTO `dnevnik` VALUES (6715, 'https://localhost:3000/pretragaKorisnika', 'Službenik pristupio pretrazi korisnika.', '2023-03-22 14:33:26', NULL, 1, '92.244.136.251', 'Belgrade', 'Serbia');
INSERT INTO `dnevnik` VALUES (6716, 'https://localhost:3000/pretragaKorisnika', 'Službenik izvršio pretragu korisnika.', '2023-03-22 14:33:29', NULL, 1, '92.244.136.251', 'Belgrade', 'Serbia');
INSERT INTO `dnevnik` VALUES (6717, 'https://localhost:3000/pretragaKorisnika', 'Službenik pristupio pretrazi korisnika.', '2023-03-22 14:33:35', NULL, 1, '92.244.136.251', 'Belgrade', 'Serbia');
INSERT INTO `dnevnik` VALUES (6718, 'https://localhost:3000/pretragaKorisnika', 'Službenik izvršio pretragu korisnika.', '2023-03-22 14:33:40', NULL, 1, '92.244.136.251', 'Belgrade', 'Serbia');
INSERT INTO `dnevnik` VALUES (6719, 'https://localhost:3000/podaciKorisnik', 'Službenik pristupio podacima korisnika', '2023-03-22 14:33:43', NULL, 1, '92.244.136.251', 'Belgrade', 'Serbia');
INSERT INTO `dnevnik` VALUES (6720, 'https://localhost:3000/isplataNovca/3', 'Službenik zatvorio stranicu sa podacima korisnika.', '2023-03-22 14:33:53', NULL, 1, '92.244.136.251', 'Belgrade', 'Serbia');
INSERT INTO `dnevnik` VALUES (6721, 'https://localhost:3000/podaciKorisnik', 'Službenik pristupio podacima korisnika', '2023-03-22 14:34:27', NULL, 1, '92.244.136.251', 'Belgrade', 'Serbia');
INSERT INTO `dnevnik` VALUES (6722, 'https://localhost:3000/pretragaKorisnika', 'Službenik zatvorio stranicu sa podacima korisnika.', '2023-03-22 14:34:27', NULL, 1, '92.244.136.251', 'Belgrade', 'Serbia');
INSERT INTO `dnevnik` VALUES (6723, 'https://localhost:3000/pretragaKorisnika', 'Službenik pristupio pretrazi korisnika.', '2023-03-22 14:34:27', NULL, 1, '92.244.136.251', 'Belgrade', 'Serbia');
INSERT INTO `dnevnik` VALUES (6724, 'https://localhost:3000/pretragaKorisnika', 'Službenik izvršio pretragu korisnika.', '2023-03-22 14:34:27', NULL, 1, '92.244.136.251', 'Belgrade', 'Serbia');
INSERT INTO `dnevnik` VALUES (6725, 'https://localhost:3000/podaciKorisnik', 'Službenik pristupio podacima korisnika', '2023-03-22 14:34:31', NULL, 1, '92.244.136.251', 'Belgrade', 'Serbia');
INSERT INTO `dnevnik` VALUES (6726, 'https://localhost:3000/pretragaKorisnika', 'Službenik zatvorio stranicu sa podacima korisnika.', '2023-03-22 14:34:37', NULL, 1, '92.244.136.251', 'Belgrade', 'Serbia');
INSERT INTO `dnevnik` VALUES (6727, 'https://localhost:3000/pretragaKorisnika', 'Službenik pristupio pretrazi korisnika.', '2023-03-22 14:34:37', NULL, 1, '92.244.136.251', 'Belgrade', 'Serbia');
INSERT INTO `dnevnik` VALUES (6728, 'https://localhost:3000/pretragaKorisnika', 'Službenik izvršio pretragu korisnika.', '2023-03-22 14:36:08', NULL, 1, '92.244.136.251', 'Belgrade', 'Serbia');
INSERT INTO `dnevnik` VALUES (6729, 'https://localhost:3000/podaciKorisnik', 'Službenik pristupio podacima korisnika', '2023-03-22 14:36:08', NULL, 1, '92.244.136.251', 'Belgrade', 'Serbia');
INSERT INTO `dnevnik` VALUES (6730, 'https://localhost:3000/podaciKorisnik', 'Službenik zatvorio stranicu sa podacima korisnika.', '2023-03-22 14:38:14', NULL, 1, '92.244.136.251', 'Belgrade', 'Serbia');
INSERT INTO `dnevnik` VALUES (6731, 'https://localhost:3000/podaciKorisnik', 'Službenik pristupio podacima korisnika', '2023-03-22 14:38:14', NULL, 1, '92.244.136.251', 'Belgrade', 'Serbia');
INSERT INTO `dnevnik` VALUES (6732, 'https://localhost:3000/podaciKorisnik', 'Službenik pristupio podacima korisnika', '2023-03-22 14:39:53', NULL, 1, '92.244.136.251', 'Belgrade', 'Serbia');
INSERT INTO `dnevnik` VALUES (6733, 'https://localhost:3000/podaciKorisnik', 'Službenik zatvorio stranicu sa podacima korisnika.', '2023-03-22 14:40:18', NULL, 1, '92.244.136.251', 'Belgrade', 'Serbia');
INSERT INTO `dnevnik` VALUES (6734, 'https://localhost:3000/podaciKorisnik', 'Službenik pristupio podacima korisnika', '2023-03-22 14:40:18', NULL, 1, '92.244.136.251', 'Belgrade', 'Serbia');
INSERT INTO `dnevnik` VALUES (6735, 'https://localhost:3000/isplataNovca/3', 'Službenik zatvorio stranicu sa podacima korisnika.', '2023-03-22 14:40:37', NULL, 1, '92.244.136.251', 'Belgrade', 'Serbia');
INSERT INTO `dnevnik` VALUES (6736, 'https://localhost:3000/podaciKorisnik', 'Službenik pristupio podacima korisnika', '2023-03-22 14:40:53', NULL, 1, '92.244.136.251', 'Belgrade', 'Serbia');
INSERT INTO `dnevnik` VALUES (6737, 'https://localhost:3000/izmenaPodaciKorisnik', 'Službenik zatvorio stranicu sa podacima korisnika.', '2023-03-22 14:42:11', NULL, 1, '92.244.136.251', 'Belgrade', 'Serbia');
INSERT INTO `dnevnik` VALUES (6738, 'https://localhost:3000/izmenaPodaciKorisnik', 'Započeta izmena podataka za korisnika', '2023-03-22 14:42:11', NULL, 1, '92.244.136.251', 'Belgrade', 'Serbia');
INSERT INTO `dnevnik` VALUES (6739, 'https://localhost:3000/podaciKorisnik', 'Završena izmena podataka za korisnika.', '2023-03-22 14:42:13', NULL, 1, '92.244.136.251', 'Belgrade', 'Serbia');
INSERT INTO `dnevnik` VALUES (6740, 'https://localhost:3000/podaciKorisnik', 'Službenik pristupio podacima korisnika', '2023-03-22 14:42:13', NULL, 1, '92.244.136.251', 'Belgrade', 'Serbia');
INSERT INTO `dnevnik` VALUES (6741, 'https://localhost:3000/podaciKorisnik', 'Službenik pristupio podacima korisnika', '2023-03-22 14:42:46', NULL, 1, '92.244.136.251', 'Belgrade', 'Serbia');
INSERT INTO `dnevnik` VALUES (6742, 'https://localhost:3000/izmenaPodaciKorisnik', 'Službenik zatvorio stranicu sa podacima korisnika.', '2023-03-22 14:42:46', NULL, 1, '92.244.136.251', 'Belgrade', 'Serbia');
INSERT INTO `dnevnik` VALUES (6743, 'https://localhost:3000/izmenaPodaciKorisnik', 'Započeta izmena podataka za korisnika', '2023-03-22 14:42:46', NULL, 1, '92.244.136.251', 'Belgrade', 'Serbia');
INSERT INTO `dnevnik` VALUES (6744, 'https://localhost:3000/izmenaPodaciKorisnik', 'Izmenjeni podaci za korisnika.', '2023-03-22 14:43:47', NULL, 1, '92.244.136.251', 'Belgrade', 'Serbia');
INSERT INTO `dnevnik` VALUES (6745, 'https://localhost:3000/podaciKorisnik', 'Završena izmena podataka za korisnika.', '2023-03-22 14:43:48', NULL, 1, '92.244.136.251', 'Belgrade', 'Serbia');
INSERT INTO `dnevnik` VALUES (6746, 'https://localhost:3000/podaciKorisnik', 'Službenik pristupio podacima korisnika', '2023-03-22 14:43:48', NULL, 1, '92.244.136.251', 'Belgrade', 'Serbia');
INSERT INTO `dnevnik` VALUES (6747, 'https://localhost:3000/podaciKorisnik', 'Službenik pristupio podacima korisnika', '2023-03-22 14:43:54', NULL, 1, '92.244.136.251', 'Belgrade', 'Serbia');
INSERT INTO `dnevnik` VALUES (6748, 'https://localhost:3000/dodajRacunPostojeciKorisnik', 'Započeto dodavanje računa za postojećeg korisnika.', '2023-03-22 14:45:05', NULL, 1, '92.244.136.251', 'Belgrade', 'Serbia');
INSERT INTO `dnevnik` VALUES (6749, 'https://localhost:3000/dodajRacunPostojeciKorisnik', 'Službenik zatvorio stranicu sa podacima korisnika.', '2023-03-22 14:45:05', NULL, 1, '92.244.136.251', 'Belgrade', 'Serbia');
INSERT INTO `dnevnik` VALUES (6750, 'https://localhost:3000/dodajRacunPostojeciKorisnik', 'Otvoren račun za postojećeg korisnika.', '2023-03-22 14:45:05', NULL, 1, '92.244.136.251', 'Belgrade', 'Serbia');
INSERT INTO `dnevnik` VALUES (6751, 'https://localhost:3000/podaciKorisnik', 'Zavrseno otvaranje računa za postojećeg korisnika.', '2023-03-22 14:45:05', NULL, 1, '92.244.136.251', 'Belgrade', 'Serbia');
INSERT INTO `dnevnik` VALUES (6752, 'https://localhost:3000/podaciKorisnik', 'Službenik pristupio podacima korisnika', '2023-03-22 14:45:05', NULL, 1, '92.244.136.251', 'Belgrade', 'Serbia');
INSERT INTO `dnevnik` VALUES (6753, 'https://localhost:3000/odjavaSluzbenik', 'Službenik zatvorio stranicu sa podacima korisnika.', '2023-03-22 14:45:05', NULL, 1, '92.244.136.251', 'Belgrade', 'Serbia');
INSERT INTO `dnevnik` VALUES (6754, 'https://localhost:3000/odjavaSluzbenik', 'Službenik logout', '2023-03-22 14:45:05', NULL, 1, '92.244.136.251', 'Belgrade', 'Serbia');
INSERT INTO `dnevnik` VALUES (6755, 'https://localhost:3000/security/prijavaKorisnik', 'Ulogovan korisnik', '2023-03-22 14:45:17', 1, NULL, '92.244.136.251', 'Belgrade', 'Serbia');
INSERT INTO `dnevnik` VALUES (6756, 'https://localhost:3000/korisnik/pregledRacuni', 'Pregled računa, početna stranica', '2023-03-22 14:45:18', 1, NULL, '92.244.136.251', 'Belgrade', 'Serbia');
INSERT INTO `dnevnik` VALUES (6757, 'https://localhost:3000/pregledTransakcija/309', 'Korisnik pristupio pregledu transakcija.', '2023-03-22 14:45:33', 1, NULL, '92.244.136.251', 'Belgrade', 'Serbia');
INSERT INTO `dnevnik` VALUES (6758, 'https://localhost:3000/korisnik/pregledRacuni', 'Pregled računa, početna stranica', '2023-03-22 14:45:33', 1, NULL, '92.244.136.251', 'Belgrade', 'Serbia');
INSERT INTO `dnevnik` VALUES (6759, 'https://localhost:3000/transakcija', 'Korisnik pristupio stranici za prenos novca.', '2023-03-22 14:45:38', 1, NULL, '92.244.136.251', 'Belgrade', 'Serbia');
INSERT INTO `dnevnik` VALUES (6760, 'https://localhost:3000/transakcija', 'Korisnik pristupio stranici za prenos novca.', '2023-03-22 14:46:08', 1, NULL, '92.244.136.251', 'Belgrade', 'Serbia');
INSERT INTO `dnevnik` VALUES (6761, 'https://localhost:3000/transakcija', 'Korisnik pristupio stranici za prenos novca.', '2023-03-22 14:46:45', 1, NULL, '92.244.136.251', 'Belgrade', 'Serbia');
INSERT INTO `dnevnik` VALUES (6762, 'https://localhost:3000/transakcija', 'Korisnik pristupio stranici za prenos novca.', '2023-03-22 14:48:30', 1, NULL, '92.244.136.251', 'Belgrade', 'Serbia');
INSERT INTO `dnevnik` VALUES (6763, 'https://localhost:3000/transakcija', 'Korisnik izvršio transakciju.', '2023-03-22 14:48:59', 1, NULL, '92.244.136.251', 'Belgrade', 'Serbia');
INSERT INTO `dnevnik` VALUES (6764, 'https://localhost:3000/korisnik/pregledRacuni', 'Korisnik zatvorio stranicu za prenos novca.', '2023-03-22 14:49:03', 1, NULL, '92.244.136.251', 'Belgrade', 'Serbia');
INSERT INTO `dnevnik` VALUES (6765, 'https://localhost:3000/korisnik/pregledRacuni', 'Pregled računa, početna stranica', '2023-03-22 14:49:03', 1, NULL, '92.244.136.251', 'Belgrade', 'Serbia');
INSERT INTO `dnevnik` VALUES (6766, 'https://localhost:3000/pregledTransakcija/309', 'Korisnik pristupio pregledu transakcija.', '2023-03-22 14:51:19', 1, NULL, '92.244.136.251', 'Belgrade', 'Serbia');
INSERT INTO `dnevnik` VALUES (6767, 'https://localhost:3000/korisnik/pregledRacuni', 'Pregled računa, početna stranica', '2023-03-22 14:51:36', 1, NULL, '92.244.136.251', 'Belgrade', 'Serbia');
INSERT INTO `dnevnik` VALUES (6768, 'https://localhost:3000/pregledTransakcija/1', 'Korisnik pristupio pregledu transakcija.', '2023-03-22 14:51:41', 1, NULL, '92.244.136.251', 'Belgrade', 'Serbia');
INSERT INTO `dnevnik` VALUES (6769, 'https://localhost:3000/korisnik/pregledRacuni', 'Pregled računa, početna stranica', '2023-03-22 14:51:48', 1, NULL, '92.244.136.251', 'Belgrade', 'Serbia');
INSERT INTO `dnevnik` VALUES (6770, 'https://localhost:3000/pregledTransakcija/3', 'Korisnik pristupio pregledu transakcija.', '2023-03-22 14:51:48', 1, NULL, '92.244.136.251', 'Belgrade', 'Serbia');
INSERT INTO `dnevnik` VALUES (6771, 'https://localhost:3000/korisnik/pregledRacuni', 'Pregled računa, početna stranica', '2023-03-22 14:51:58', 1, NULL, '92.244.136.251', 'Belgrade', 'Serbia');
INSERT INTO `dnevnik` VALUES (6772, 'https://localhost:3000/odjavaKorisnik', 'Korisnik logout.', '2023-03-22 14:52:14', 1, NULL, '92.244.136.251', 'Belgrade', 'Serbia');
INSERT INTO `dnevnik` VALUES (6773, 'https://localhost:3000/security/prijavaSluzbenik', 'Službenik ulogovan.', '2023-03-22 14:52:33', NULL, 1, '92.244.136.251', 'Belgrade', 'Serbia');
INSERT INTO `dnevnik` VALUES (6774, 'https://localhost:3000/sluzbenikpocetna', 'Službenik početna.', '2023-03-22 14:52:33', NULL, 1, '92.244.136.251', 'Belgrade', 'Serbia');
INSERT INTO `dnevnik` VALUES (6775, 'https://localhost:3000/pretragaKorisnika', 'Službenik pristupio pretrazi korisnika.', '2023-03-22 14:52:33', NULL, 1, '92.244.136.251', 'Belgrade', 'Serbia');
INSERT INTO `dnevnik` VALUES (6776, 'https://localhost:3000/pretragaKorisnika', 'Službenik izvršio pretragu korisnika.', '2023-03-22 14:52:36', NULL, 1, '92.244.136.251', 'Belgrade', 'Serbia');
INSERT INTO `dnevnik` VALUES (6777, 'https://localhost:3000/podaciKorisnik', 'Službenik pristupio podacima korisnika', '2023-03-22 14:52:36', NULL, 1, '92.244.136.251', 'Belgrade', 'Serbia');
INSERT INTO `dnevnik` VALUES (6778, 'https://localhost:3000/dodajRacunPostojeciKorisnik', 'Službenik zatvorio stranicu sa podacima korisnika.', '2023-03-22 14:52:39', NULL, 1, '92.244.136.251', 'Belgrade', 'Serbia');
INSERT INTO `dnevnik` VALUES (6779, 'https://localhost:3000/dodajRacunPostojeciKorisnik', 'Započeto dodavanje računa za postojećeg korisnika.', '2023-03-22 14:52:39', NULL, 1, '92.244.136.251', 'Belgrade', 'Serbia');
INSERT INTO `dnevnik` VALUES (6780, 'https://localhost:3000/dodajRacunPostojeciKorisnik', 'Otvoren račun za postojećeg korisnika.', '2023-03-22 14:53:00', NULL, 1, '92.244.136.251', 'Belgrade', 'Serbia');
INSERT INTO `dnevnik` VALUES (6781, 'https://localhost:3000/podaciKorisnik', 'Zavrseno otvaranje računa za postojećeg korisnika.', '2023-03-22 14:53:00', NULL, 1, '92.244.136.251', 'Belgrade', 'Serbia');
INSERT INTO `dnevnik` VALUES (6782, 'https://localhost:3000/podaciKorisnik', 'Službenik pristupio podacima korisnika', '2023-03-22 14:53:01', NULL, 1, '92.244.136.251', 'Belgrade', 'Serbia');
INSERT INTO `dnevnik` VALUES (6783, 'https://localhost:3000/odjavaSluzbenik', 'Službenik zatvorio stranicu sa podacima korisnika.', '2023-03-22 14:53:21', NULL, 1, '92.244.136.251', 'Belgrade', 'Serbia');
INSERT INTO `dnevnik` VALUES (6784, 'https://localhost:3000/odjavaSluzbenik', 'Službenik logout', '2023-03-22 14:53:21', NULL, 1, '92.244.136.251', 'Belgrade', 'Serbia');
INSERT INTO `dnevnik` VALUES (6785, 'https://localhost:3000/korisnik/pregledRacuni', 'Pregled računa, početna stranica', '2023-03-22 14:53:56', 1, NULL, '92.244.136.251', 'Belgrade', 'Serbia');
INSERT INTO `dnevnik` VALUES (6786, 'https://localhost:3000/pregledTransakcija/310', 'Korisnik pristupio pregledu transakcija.', '2023-03-22 14:53:56', 1, NULL, '92.244.136.251', 'Belgrade', 'Serbia');
INSERT INTO `dnevnik` VALUES (6787, 'https://localhost:3000/korisnik/pregledRacuni', 'Pregled računa, početna stranica', '2023-03-22 14:53:56', 1, NULL, '92.244.136.251', 'Belgrade', 'Serbia');
INSERT INTO `dnevnik` VALUES (6788, 'https://localhost:3000/pregledTransakcija/1', 'Korisnik pristupio pregledu transakcija.', '2023-03-22 14:53:56', 1, NULL, '92.244.136.251', 'Belgrade', 'Serbia');
INSERT INTO `dnevnik` VALUES (6789, 'https://localhost:3000/korisnik/pregledRacuni', 'Pregled računa, početna stranica', '2023-03-22 14:53:56', 1, NULL, '92.244.136.251', 'Belgrade', 'Serbia');
INSERT INTO `dnevnik` VALUES (6790, 'https://localhost:3000/transakcija', 'Korisnik pristupio stranici za prenos novca.', '2023-03-22 14:53:56', 1, NULL, '92.244.136.251', 'Belgrade', 'Serbia');
INSERT INTO `dnevnik` VALUES (6791, 'https://localhost:3000/transakcija', 'Korisnik izvršio transakciju.', '2023-03-22 14:54:23', 1, NULL, '92.244.136.251', 'Belgrade', 'Serbia');
INSERT INTO `dnevnik` VALUES (6792, 'https://localhost:3000/korisnik/pregledRacuni', 'Korisnik zatvorio stranicu za prenos novca.', '2023-03-22 14:54:23', 1, NULL, '92.244.136.251', 'Belgrade', 'Serbia');
INSERT INTO `dnevnik` VALUES (6793, 'https://localhost:3000/korisnik/pregledRacuni', 'Pregled računa, početna stranica', '2023-03-22 14:54:23', 1, NULL, '92.244.136.251', 'Belgrade', 'Serbia');
INSERT INTO `dnevnik` VALUES (6794, 'https://localhost:3000/pregledTransakcija/310', 'Korisnik pristupio pregledu transakcija.', '2023-03-22 14:54:31', 1, NULL, '92.244.136.251', 'Belgrade', 'Serbia');
INSERT INTO `dnevnik` VALUES (6795, 'https://localhost:3000/korisnik/pregledRacuni', 'Pregled računa, početna stranica', '2023-03-22 14:54:31', 1, NULL, '92.244.136.251', 'Belgrade', 'Serbia');
INSERT INTO `dnevnik` VALUES (6796, 'https://localhost:3000/licniPodaci', 'Pregled ličnih podataka', '2023-03-22 14:55:43', 1, NULL, '92.244.136.251', 'Belgrade', 'Serbia');
INSERT INTO `dnevnik` VALUES (6797, 'https://localhost:3000/licniPodaci', 'Pregled ličnih podataka', '2023-03-22 14:57:27', 1, NULL, '92.244.136.251', 'Belgrade', 'Serbia');
INSERT INTO `dnevnik` VALUES (6798, 'https://localhost:3000/licniPodaci', 'Pregled ličnih podataka', '2023-03-22 14:58:32', 1, NULL, '92.244.136.251', 'Belgrade', 'Serbia');
INSERT INTO `dnevnik` VALUES (6799, 'https://localhost:3000/korisnik/pregledRacuni', 'Pregled računa, početna stranica', '2023-03-22 14:58:50', 1, NULL, '92.244.136.251', 'Belgrade', 'Serbia');
INSERT INTO `dnevnik` VALUES (6800, 'https://localhost:3000/korisnik/pregledRacuni', 'Pregled računa, početna stranica', '2023-03-22 14:59:10', 1, NULL, '92.244.136.251', 'Belgrade', 'Serbia');
INSERT INTO `dnevnik` VALUES (6801, 'https://localhost:3000/pregledTransakcija/310', 'Korisnik pristupio pregledu transakcija.', '2023-03-22 14:59:10', 1, NULL, '92.244.136.251', 'Belgrade', 'Serbia');
INSERT INTO `dnevnik` VALUES (6802, 'https://localhost:3000/korisnik/pregledRacuni', 'Pregled računa, početna stranica', '2023-03-22 14:59:10', 1, NULL, '92.244.136.251', 'Belgrade', 'Serbia');
INSERT INTO `dnevnik` VALUES (6803, 'https://localhost:3000/korisnik/pregledRacuni', 'Pregled računa, početna stranica', '2023-03-22 15:06:47', 1, NULL, '92.244.136.251', 'Belgrade', 'Serbia');
INSERT INTO `dnevnik` VALUES (6804, 'https://localhost:3000/transakcija', 'Korisnik pristupio stranici za prenos novca.', '2023-03-22 15:06:47', 1, NULL, '92.244.136.251', 'Belgrade', 'Serbia');
INSERT INTO `dnevnik` VALUES (6805, 'https://localhost:3000/korisnik/pregledRacuni', 'Korisnik zatvorio stranicu za prenos novca.', '2023-03-22 15:07:16', 1, NULL, '92.244.136.251', 'Belgrade', 'Serbia');
INSERT INTO `dnevnik` VALUES (6806, 'https://localhost:3000/korisnik/pregledRacuni', 'Pregled računa, početna stranica', '2023-03-22 15:07:16', 1, NULL, '92.244.136.251', 'Belgrade', 'Serbia');
INSERT INTO `dnevnik` VALUES (6807, 'https://localhost:3000/transakcija', 'Korisnik pristupio stranici za prenos novca.', '2023-03-22 15:09:20', 1, NULL, '92.244.136.251', 'Belgrade', 'Serbia');
INSERT INTO `dnevnik` VALUES (6808, 'https://localhost:3000/transakcija', 'Korisnik zatvorio stranicu za prenos novca.', '2023-03-22 15:11:07', 1, NULL, '92.244.136.251', 'Belgrade', 'Serbia');
INSERT INTO `dnevnik` VALUES (6809, 'https://localhost:3000/transakcija', 'Korisnik pristupio stranici za prenos novca.', '2023-03-22 15:11:07', 1, NULL, '92.244.136.251', 'Belgrade', 'Serbia');
INSERT INTO `dnevnik` VALUES (6810, 'https://localhost:3000/transakcija', 'Korisnik zatvorio stranicu za prenos novca.', '2023-03-22 15:23:55', 1, NULL, '92.244.136.251', 'Belgrade', 'Serbia');
INSERT INTO `dnevnik` VALUES (6811, 'https://localhost:3000/transakcija', 'Korisnik pristupio stranici za prenos novca.', '2023-03-22 15:23:55', 1, NULL, '92.244.136.251', 'Belgrade', 'Serbia');
INSERT INTO `dnevnik` VALUES (6812, 'https://localhost:3000/transakcija', 'Korisnik zatvorio stranicu za prenos novca.', '2023-03-22 15:24:33', 1, NULL, '92.244.136.251', 'Belgrade', 'Serbia');
INSERT INTO `dnevnik` VALUES (6813, 'https://localhost:3000/transakcija', 'Korisnik pristupio stranici za prenos novca.', '2023-03-22 15:24:33', 1, NULL, '92.244.136.251', 'Belgrade', 'Serbia');
INSERT INTO `dnevnik` VALUES (6814, 'https://localhost:3000/transakcija', 'Korisnik zatvorio stranicu za prenos novca.', '2023-03-22 15:25:06', 1, NULL, '92.244.136.251', 'Belgrade', 'Serbia');
INSERT INTO `dnevnik` VALUES (6815, 'https://localhost:3000/transakcija', 'Korisnik pristupio stranici za prenos novca.', '2023-03-22 15:25:06', 1, NULL, '92.244.136.251', 'Belgrade', 'Serbia');
INSERT INTO `dnevnik` VALUES (6816, 'https://localhost:3000/transakcija', 'Korisnik zatvorio stranicu za prenos novca.', '2023-03-22 15:31:11', 1, NULL, '92.244.136.251', 'Belgrade', 'Serbia');
INSERT INTO `dnevnik` VALUES (6817, 'https://localhost:3000/transakcija', 'Korisnik pristupio stranici za prenos novca.', '2023-03-22 15:31:11', 1, NULL, '92.244.136.251', 'Belgrade', 'Serbia');
INSERT INTO `dnevnik` VALUES (6818, 'https://localhost:3000/transakcija', 'Korisnik zatvorio stranicu za prenos novca.', '2023-03-22 15:32:14', 1, NULL, '92.244.136.251', 'Belgrade', 'Serbia');
INSERT INTO `dnevnik` VALUES (6819, 'https://localhost:3000/transakcija', 'Korisnik pristupio stranici za prenos novca.', '2023-03-22 15:32:15', 1, NULL, '92.244.136.251', 'Belgrade', 'Serbia');
INSERT INTO `dnevnik` VALUES (6820, 'https://localhost:3000/transakcija', 'Korisnik zatvorio stranicu za prenos novca.', '2023-03-22 15:32:34', 1, NULL, '92.244.136.251', 'Belgrade', 'Serbia');
INSERT INTO `dnevnik` VALUES (6821, 'https://localhost:3000/transakcija', 'Korisnik pristupio stranici za prenos novca.', '2023-03-22 15:32:34', 1, NULL, '92.244.136.251', 'Belgrade', 'Serbia');
INSERT INTO `dnevnik` VALUES (6822, 'https://localhost:3000/transakcija', 'Korisnik pristupio stranici za prenos novca.', '2023-03-22 15:32:51', 1, NULL, '92.244.136.251', 'Belgrade', 'Serbia');
INSERT INTO `dnevnik` VALUES (6823, 'https://localhost:3000/menjacnica', 'Korisnik zatvorio stranicu za prenos novca.', '2023-03-22 15:32:59', 1, NULL, '92.244.136.251', 'Belgrade', 'Serbia');
INSERT INTO `dnevnik` VALUES (6824, 'https://localhost:3000/menjacnica', 'Započeta razmena novca.', '2023-03-22 15:32:59', 1, NULL, '92.244.136.251', 'Belgrade', 'Serbia');
INSERT INTO `dnevnik` VALUES (6825, 'https://localhost:3000/transakcija', 'Završena razmena novca', '2023-03-22 15:32:59', 1, NULL, '92.244.136.251', 'Belgrade', 'Serbia');
INSERT INTO `dnevnik` VALUES (6826, 'https://localhost:3000/transakcija', 'Korisnik pristupio stranici za prenos novca.', '2023-03-22 15:32:59', 1, NULL, '92.244.136.251', 'Belgrade', 'Serbia');
INSERT INTO `dnevnik` VALUES (6827, 'https://localhost:3000/korisnik/pregledRacuni', 'Korisnik zatvorio stranicu za prenos novca.', '2023-03-22 15:33:00', 1, NULL, '92.244.136.251', 'Belgrade', 'Serbia');
INSERT INTO `dnevnik` VALUES (6828, 'https://localhost:3000/korisnik/pregledRacuni', 'Pregled računa, početna stranica', '2023-03-22 15:33:00', 1, NULL, '92.244.136.251', 'Belgrade', 'Serbia');
INSERT INTO `dnevnik` VALUES (6829, 'https://localhost:3000/transakcija', 'Korisnik pristupio stranici za prenos novca.', '2023-03-22 15:33:00', 1, NULL, '92.244.136.251', 'Belgrade', 'Serbia');
INSERT INTO `dnevnik` VALUES (6830, 'https://localhost:3000/korisnik/pregledRacuni', 'Korisnik zatvorio stranicu za prenos novca.', '2023-03-22 15:33:02', 1, NULL, '92.244.136.251', 'Belgrade', 'Serbia');
INSERT INTO `dnevnik` VALUES (6831, 'https://localhost:3000/korisnik/pregledRacuni', 'Pregled računa, početna stranica', '2023-03-22 15:33:02', 1, NULL, '92.244.136.251', 'Belgrade', 'Serbia');
INSERT INTO `dnevnik` VALUES (6832, 'https://localhost:3000/transakcija', 'Korisnik pristupio stranici za prenos novca.', '2023-03-22 15:33:06', 1, NULL, '92.244.136.251', 'Belgrade', 'Serbia');
INSERT INTO `dnevnik` VALUES (6833, 'https://localhost:3000/korisnik/pregledRacuni', 'Korisnik zatvorio stranicu za prenos novca.', '2023-03-22 15:34:24', 1, NULL, '92.244.136.251', 'Belgrade', 'Serbia');
INSERT INTO `dnevnik` VALUES (6834, 'https://localhost:3000/korisnik/pregledRacuni', 'Pregled računa, početna stranica', '2023-03-22 15:34:24', 1, NULL, '92.244.136.251', 'Belgrade', 'Serbia');
INSERT INTO `dnevnik` VALUES (6835, 'https://localhost:3000/transakcija', 'Korisnik pristupio stranici za prenos novca.', '2023-03-22 15:34:24', 1, NULL, '92.244.136.251', 'Belgrade', 'Serbia');
INSERT INTO `dnevnik` VALUES (6836, 'https://localhost:3000/transakcija', 'Korisnik izvršio transakciju.', '2023-03-22 15:34:37', 1, NULL, '92.244.136.251', 'Belgrade', 'Serbia');
INSERT INTO `dnevnik` VALUES (6837, 'https://localhost:3000/korisnik/pregledRacuni', 'Korisnik zatvorio stranicu za prenos novca.', '2023-03-22 15:34:38', 1, NULL, '92.244.136.251', 'Belgrade', 'Serbia');
INSERT INTO `dnevnik` VALUES (6838, 'https://localhost:3000/korisnik/pregledRacuni', 'Pregled računa, početna stranica', '2023-03-22 15:34:38', 1, NULL, '92.244.136.251', 'Belgrade', 'Serbia');
INSERT INTO `dnevnik` VALUES (6839, 'https://localhost:3000/pregledTransakcija/309', 'Korisnik pristupio pregledu transakcija.', '2023-03-22 15:34:46', 1, NULL, '92.244.136.251', 'Belgrade', 'Serbia');
INSERT INTO `dnevnik` VALUES (6840, 'https://localhost:3000/korisnik/pregledRacuni', 'Pregled računa, početna stranica', '2023-03-22 15:34:47', 1, NULL, '92.244.136.251', 'Belgrade', 'Serbia');
INSERT INTO `dnevnik` VALUES (6841, 'https://localhost:3000/pregledTransakcija/309', 'Korisnik pristupio pregledu transakcija.', '2023-03-22 15:35:38', 1, NULL, '92.244.136.251', 'Belgrade', 'Serbia');
INSERT INTO `dnevnik` VALUES (6842, 'https://localhost:3000/transakcija', 'Korisnik pristupio stranici za prenos novca.', '2023-03-22 15:48:51', 1, NULL, '92.244.136.251', 'Belgrade', 'Serbia');
INSERT INTO `dnevnik` VALUES (6843, 'https://localhost:3000/korisnik/pregledRacuni', 'Korisnik zatvorio stranicu za prenos novca.', '2023-03-22 15:57:43', 1, NULL, '92.244.136.251', 'Belgrade', 'Serbia');
INSERT INTO `dnevnik` VALUES (6844, 'https://localhost:3000/korisnik/pregledRacuni', 'Pregled računa, početna stranica', '2023-03-22 15:57:43', 1, NULL, '92.244.136.251', 'Belgrade', 'Serbia');
INSERT INTO `dnevnik` VALUES (6845, 'https://localhost:3000/korisnik/pregledRacuni', 'Pregled računa, početna stranica', '2023-03-28 14:18:06', 1, NULL, '92.244.136.251', 'Belgrade', 'Serbia');
INSERT INTO `dnevnik` VALUES (6846, 'https://localhost:3000/odjavaKorisnik', 'Korisnik logout.', '2023-03-28 14:18:15', 1, NULL, '92.244.136.251', 'Belgrade', 'Serbia');
INSERT INTO `dnevnik` VALUES (6847, 'https://localhost:3000/security/prijavaSluzbenik', 'Službenik ulogovan.', '2023-03-28 14:18:30', NULL, 1, '92.244.136.251', 'Belgrade', 'Serbia');
INSERT INTO `dnevnik` VALUES (6848, 'https://localhost:3000/sluzbenikpocetna', 'Službenik početna.', '2023-03-28 14:18:31', NULL, 1, '92.244.136.251', 'Belgrade', 'Serbia');
INSERT INTO `dnevnik` VALUES (6849, 'https://localhost:3000/pretragaKorisnika', 'Službenik pristupio pretrazi korisnika.', '2023-03-28 14:18:33', NULL, 1, '92.244.136.251', 'Belgrade', 'Serbia');
INSERT INTO `dnevnik` VALUES (6850, 'https://localhost:3000/pretragaKorisnika', 'Službenik pristupio pretrazi korisnika.', '2023-03-28 14:19:44', NULL, 1, '92.244.136.251', 'Belgrade', 'Serbia');
INSERT INTO `dnevnik` VALUES (6851, 'https://localhost:3000/pretragaKorisnika', 'Službenik pristupio pretrazi korisnika.', '2023-03-28 14:20:19', NULL, 1, '92.244.136.251', 'Belgrade', 'Serbia');
INSERT INTO `dnevnik` VALUES (6852, 'https://localhost:3000/pretragaKorisnika', 'Službenik pristupio pretrazi korisnika.', '2023-03-28 14:21:02', NULL, 1, '92.244.136.251', 'Belgrade', 'Serbia');
INSERT INTO `dnevnik` VALUES (6853, 'https://localhost:3000/pretragaKorisnika', 'Službenik pristupio pretrazi korisnika.', '2023-03-28 14:21:24', NULL, 1, '92.244.136.251', 'Belgrade', 'Serbia');
INSERT INTO `dnevnik` VALUES (6854, 'https://localhost:3000/pretragaKorisnika', 'Službenik pristupio pretrazi korisnika.', '2023-03-28 14:21:50', NULL, 1, '92.244.136.251', 'Belgrade', 'Serbia');
INSERT INTO `dnevnik` VALUES (6855, 'https://localhost:3000/pretragaKorisnika', 'Službenik pristupio pretrazi korisnika.', '2023-03-28 14:22:13', NULL, 1, '92.244.136.251', 'Belgrade', 'Serbia');
INSERT INTO `dnevnik` VALUES (6856, 'https://localhost:3000/pretragaKorisnika', 'Službenik pristupio pretrazi korisnika.', '2023-03-28 14:22:25', NULL, 1, '92.244.136.251', 'Belgrade', 'Serbia');
INSERT INTO `dnevnik` VALUES (6857, 'https://localhost:3000/pretragaKorisnika', 'Službenik pristupio pretrazi korisnika.', '2023-03-28 14:22:46', NULL, 1, '92.244.136.251', 'Belgrade', 'Serbia');
INSERT INTO `dnevnik` VALUES (6858, 'https://localhost:3000/pretragaKorisnika', 'Službenik pristupio pretrazi korisnika.', '2023-03-28 14:22:51', NULL, 1, '92.244.136.251', 'Belgrade', 'Serbia');
INSERT INTO `dnevnik` VALUES (6859, 'https://localhost:3000/pretragaKorisnika', 'Službenik pristupio pretrazi korisnika.', '2023-03-28 14:23:21', NULL, 1, '92.244.136.251', 'Belgrade', 'Serbia');
INSERT INTO `dnevnik` VALUES (6860, 'https://localhost:3000/pretragaKorisnika', 'Službenik pristupio pretrazi korisnika.', '2023-03-28 14:24:35', NULL, 1, '92.244.136.251', 'Belgrade', 'Serbia');
INSERT INTO `dnevnik` VALUES (6861, 'https://localhost:3000/pretragaKorisnika', 'Službenik pristupio pretrazi korisnika.', '2023-03-28 14:24:41', NULL, 1, '92.244.136.251', 'Belgrade', 'Serbia');
INSERT INTO `dnevnik` VALUES (6862, 'https://localhost:3000/pretragaKorisnika', 'Službenik pristupio pretrazi korisnika.', '2023-03-28 14:24:49', NULL, 1, '92.244.136.251', 'Belgrade', 'Serbia');
INSERT INTO `dnevnik` VALUES (6863, 'https://localhost:3000/pretragaKorisnika', 'Službenik pristupio pretrazi korisnika.', '2023-03-28 14:25:21', NULL, 1, '92.244.136.251', 'Belgrade', 'Serbia');
INSERT INTO `dnevnik` VALUES (6864, 'https://localhost:3000/pretragaKorisnika', 'Službenik pristupio pretrazi korisnika.', '2023-03-28 14:25:27', NULL, 1, '92.244.136.251', 'Belgrade', 'Serbia');
INSERT INTO `dnevnik` VALUES (6865, 'https://localhost:3000/pretragaKorisnika', 'Službenik pristupio pretrazi korisnika.', '2023-03-28 14:25:34', NULL, 1, '92.244.136.251', 'Belgrade', 'Serbia');
INSERT INTO `dnevnik` VALUES (6866, 'https://localhost:3000/pretragaKorisnika', 'Službenik izvršio pretragu korisnika.', '2023-03-28 14:25:38', NULL, 1, '92.244.136.251', 'Belgrade', 'Serbia');
INSERT INTO `dnevnik` VALUES (6867, 'https://localhost:3000/pretragaKorisnika', 'Službenik pristupio pretrazi korisnika.', '2023-03-28 14:25:46', NULL, 1, '92.244.136.251', 'Belgrade', 'Serbia');
INSERT INTO `dnevnik` VALUES (6868, 'https://localhost:3000/pretragaKorisnika', 'Službenik pristupio pretrazi korisnika.', '2023-03-28 14:26:10', NULL, 1, '92.244.136.251', 'Belgrade', 'Serbia');
INSERT INTO `dnevnik` VALUES (6869, 'https://localhost:3000/pretragaKorisnika', 'Službenik pristupio pretrazi korisnika.', '2023-03-28 14:26:25', NULL, 1, '92.244.136.251', 'Belgrade', 'Serbia');
INSERT INTO `dnevnik` VALUES (6870, 'https://localhost:3000/pretragaKorisnika', 'Službenik pristupio pretrazi korisnika.', '2023-03-28 14:30:02', NULL, 1, '92.244.136.251', 'Belgrade', 'Serbia');
INSERT INTO `dnevnik` VALUES (6871, 'https://localhost:3000/pretragaKorisnika', 'Službenik pristupio pretrazi korisnika.', '2023-03-28 14:30:05', NULL, 1, '92.244.136.251', 'Belgrade', 'Serbia');
INSERT INTO `dnevnik` VALUES (6872, 'https://localhost:3000/pretragaKorisnika', 'Službenik izvršio pretragu korisnika.', '2023-03-28 14:30:08', NULL, 1, '92.244.136.251', 'Belgrade', 'Serbia');
INSERT INTO `dnevnik` VALUES (6873, 'https://localhost:3000/pretragaKorisnika', 'Službenik pristupio pretrazi korisnika.', '2023-03-28 14:30:11', NULL, 1, '92.244.136.251', 'Belgrade', 'Serbia');
INSERT INTO `dnevnik` VALUES (6874, 'https://localhost:3000/pretragaKorisnika', 'Službenik pristupio pretrazi korisnika.', '2023-03-28 14:30:20', NULL, 1, '92.244.136.251', 'Belgrade', 'Serbia');
INSERT INTO `dnevnik` VALUES (6875, 'https://localhost:3000/pretragaKorisnika', 'Službenik pristupio pretrazi korisnika.', '2023-03-28 14:34:53', NULL, 1, '92.244.136.251', 'Belgrade', 'Serbia');
INSERT INTO `dnevnik` VALUES (6876, 'https://localhost:3000/pretragaKorisnika', 'Službenik izvršio pretragu korisnika.', '2023-03-28 14:34:57', NULL, 1, '92.244.136.251', 'Belgrade', 'Serbia');
INSERT INTO `dnevnik` VALUES (6877, 'https://localhost:3000/pretragaKorisnika', 'Službenik pristupio pretrazi korisnika.', '2023-03-28 14:34:59', NULL, 1, '92.244.136.251', 'Belgrade', 'Serbia');
INSERT INTO `dnevnik` VALUES (6878, 'https://localhost:3000/pretragaKorisnika', 'Službenik pristupio pretrazi korisnika.', '2023-03-28 14:35:02', NULL, 1, '92.244.136.251', 'Belgrade', 'Serbia');
INSERT INTO `dnevnik` VALUES (6879, 'https://localhost:3000/pretragaKorisnika', 'Službenik pristupio pretrazi korisnika.', '2023-03-28 14:35:09', NULL, 1, '92.244.136.251', 'Belgrade', 'Serbia');
INSERT INTO `dnevnik` VALUES (6880, 'https://localhost:3000/pretragaKorisnika', 'Službenik pristupio pretrazi korisnika.', '2023-03-28 14:35:14', NULL, 1, '92.244.136.251', 'Belgrade', 'Serbia');
INSERT INTO `dnevnik` VALUES (6881, 'https://localhost:3000/pretragaKorisnika', 'Službenik pristupio pretrazi korisnika.', '2023-03-28 14:35:42', NULL, 1, '92.244.136.251', 'Belgrade', 'Serbia');
INSERT INTO `dnevnik` VALUES (6882, 'https://localhost:3000/pretragaKorisnika', 'Službenik pristupio pretrazi korisnika.', '2023-03-28 14:35:44', NULL, 1, '92.244.136.251', 'Belgrade', 'Serbia');
INSERT INTO `dnevnik` VALUES (6883, 'https://localhost:3000/pretragaKorisnika', 'Službenik izvršio pretragu korisnika.', '2023-03-28 14:35:46', NULL, 1, '92.244.136.251', 'Belgrade', 'Serbia');
INSERT INTO `dnevnik` VALUES (6884, 'https://localhost:3000/pretragaKorisnika', 'Službenik pristupio pretrazi korisnika.', '2023-03-28 14:35:51', NULL, 1, '92.244.136.251', 'Belgrade', 'Serbia');
INSERT INTO `dnevnik` VALUES (6885, 'https://localhost:3000/pretragaKorisnika', 'Službenik pristupio pretrazi korisnika.', '2023-03-28 14:36:25', NULL, 1, '92.244.136.251', 'Belgrade', 'Serbia');
INSERT INTO `dnevnik` VALUES (6886, 'https://localhost:3000/pretragaKorisnika', 'Službenik pristupio pretrazi korisnika.', '2023-03-28 14:36:35', NULL, 1, '92.244.136.251', 'Belgrade', 'Serbia');
INSERT INTO `dnevnik` VALUES (6887, 'https://localhost:3000/pretragaKorisnika', 'Službenik pristupio pretrazi korisnika.', '2023-03-28 14:36:53', NULL, 1, '92.244.136.251', 'Belgrade', 'Serbia');
INSERT INTO `dnevnik` VALUES (6888, 'https://localhost:3000/pretragaKorisnika', 'Službenik pristupio pretrazi korisnika.', '2023-03-28 14:37:05', NULL, 1, '92.244.136.251', 'Belgrade', 'Serbia');
INSERT INTO `dnevnik` VALUES (6889, 'https://localhost:3000/pretragaKorisnika', 'Službenik pristupio pretrazi korisnika.', '2023-03-28 14:37:13', NULL, 1, '92.244.136.251', 'Belgrade', 'Serbia');
INSERT INTO `dnevnik` VALUES (6890, 'https://localhost:3000/pretragaKorisnika', 'Službenik izvršio pretragu korisnika.', '2023-03-28 14:37:15', NULL, 1, '92.244.136.251', 'Belgrade', 'Serbia');
INSERT INTO `dnevnik` VALUES (6891, 'https://localhost:3000/podaciKorisnik', 'Službenik pristupio podacima korisnika', '2023-03-28 14:37:16', NULL, 1, '92.244.136.251', 'Belgrade', 'Serbia');
INSERT INTO `dnevnik` VALUES (6892, 'https://localhost:3000/pretragaKorisnika', 'Službenik zatvorio stranicu sa podacima korisnika.', '2023-03-28 14:37:21', NULL, 1, '92.244.136.251', 'Belgrade', 'Serbia');
INSERT INTO `dnevnik` VALUES (6893, 'https://localhost:3000/pretragaKorisnika', 'Službenik pristupio pretrazi korisnika.', '2023-03-28 14:37:21', NULL, 1, '92.244.136.251', 'Belgrade', 'Serbia');
INSERT INTO `dnevnik` VALUES (6894, 'https://localhost:3000/dodajKorisnika', 'Službenik započeo dodavanje korisnika.', '2023-03-28 14:37:25', NULL, 1, '92.244.136.251', 'Belgrade', 'Serbia');
INSERT INTO `dnevnik` VALUES (6895, 'https://localhost:3000/dodajKorisnika', 'Službenik započeo dodavanje korisnika.', '2023-03-28 14:37:37', NULL, 1, '92.244.136.251', 'Belgrade', 'Serbia');
INSERT INTO `dnevnik` VALUES (6896, 'https://localhost:3000/izmenaSifreSluzbenik', 'Službenik završio dodavanje korisnika.', '2023-03-28 14:37:44', NULL, 1, '92.244.136.251', 'Belgrade', 'Serbia');
INSERT INTO `dnevnik` VALUES (6897, 'https://localhost:3000/sluzbenikPocetna', 'Službenik početna.', '2023-03-28 14:49:33', NULL, 1, '92.244.136.251', 'Belgrade', 'Serbia');
INSERT INTO `dnevnik` VALUES (6898, 'https://localhost:3000/dodajKorisnika', 'Službenik započeo dodavanje korisnika.', '2023-03-28 14:54:47', NULL, 1, '92.244.136.251', 'Belgrade', 'Serbia');
INSERT INTO `dnevnik` VALUES (6899, 'https://localhost:3000/dodajKorisnika', 'Službenik započeo dodavanje korisnika.', '2023-03-28 14:54:53', NULL, 1, '92.244.136.251', 'Belgrade', 'Serbia');
INSERT INTO `dnevnik` VALUES (6900, 'https://localhost:3000/dodajKorisnika', 'Službenik završio dodavanje korisnika.', '2023-03-28 14:55:16', NULL, 1, '92.244.136.251', 'Belgrade', 'Serbia');
INSERT INTO `dnevnik` VALUES (6901, 'https://localhost:3000/dodajKorisnika', 'Službenik započeo dodavanje korisnika.', '2023-03-28 14:55:16', NULL, 1, '92.244.136.251', 'Belgrade', 'Serbia');
INSERT INTO `dnevnik` VALUES (6902, 'https://localhost:3000/dodajKorisnika', 'Službenik završio dodavanje korisnika.', '2023-03-28 14:58:20', NULL, 1, '92.244.136.251', 'Belgrade', 'Serbia');
INSERT INTO `dnevnik` VALUES (6903, 'https://localhost:3000/dodajKorisnika', 'Službenik započeo dodavanje korisnika.', '2023-03-28 14:58:21', NULL, 1, '92.244.136.251', 'Belgrade', 'Serbia');
INSERT INTO `dnevnik` VALUES (6904, 'https://localhost:3000/dodajKorisnika', 'Službenik završio dodavanje korisnika.', '2023-03-28 14:59:53', NULL, 1, '92.244.136.251', 'Belgrade', 'Serbia');
INSERT INTO `dnevnik` VALUES (6905, 'https://localhost:3000/dodajKorisnika', 'Službenik započeo dodavanje korisnika.', '2023-03-28 14:59:53', NULL, 1, '92.244.136.251', 'Belgrade', 'Serbia');
INSERT INTO `dnevnik` VALUES (6906, 'https://localhost:3000/dodajKorisnika', 'Službenik završio dodavanje korisnika.', '2023-03-28 15:00:08', NULL, 1, '92.244.136.251', 'Belgrade', 'Serbia');
INSERT INTO `dnevnik` VALUES (6907, 'https://localhost:3000/dodajKorisnika', 'Službenik započeo dodavanje korisnika.', '2023-03-28 15:00:09', NULL, 1, '92.244.136.251', 'Belgrade', 'Serbia');
INSERT INTO `dnevnik` VALUES (6908, 'https://localhost:3000/dodajKorisnika', 'Službenik završio dodavanje korisnika.', '2023-03-28 15:01:23', NULL, 1, '92.244.136.251', 'Belgrade', 'Serbia');
INSERT INTO `dnevnik` VALUES (6909, 'https://localhost:3000/dodajKorisnika', 'Službenik započeo dodavanje korisnika.', '2023-03-28 15:01:24', NULL, 1, '92.244.136.251', 'Belgrade', 'Serbia');
INSERT INTO `dnevnik` VALUES (6910, 'https://localhost:3000/dodajKorisnika', 'Službenik završio dodavanje korisnika.', '2023-03-28 15:01:56', NULL, 1, '92.244.136.251', 'Belgrade', 'Serbia');
INSERT INTO `dnevnik` VALUES (6911, 'https://localhost:3000/dodajKorisnika', 'Službenik započeo dodavanje korisnika.', '2023-03-28 15:01:56', NULL, 1, '92.244.136.251', 'Belgrade', 'Serbia');
INSERT INTO `dnevnik` VALUES (6912, 'https://localhost:3000/dodajKorisnika', 'Službenik započeo dodavanje korisnika.', '2023-03-28 15:01:59', NULL, 1, '92.244.136.251', 'Belgrade', 'Serbia');
INSERT INTO `dnevnik` VALUES (6913, 'https://localhost:3000/dodajKorisnika', 'Službenik započeo dodavanje korisnika.', '2023-03-28 15:02:04', NULL, 1, '92.244.136.251', 'Belgrade', 'Serbia');
INSERT INTO `dnevnik` VALUES (6914, 'https://localhost:3000/dodajKorisnika', 'Službenik dodao novog korisnika.', '2023-03-28 15:02:46', NULL, 1, '92.244.136.251', 'Belgrade', 'Serbia');
INSERT INTO `dnevnik` VALUES (6915, 'https://localhost:3000/dodajRacun', 'Službenik završio dodavanje korisnika.', '2023-03-28 15:02:46', NULL, 1, '92.244.136.251', 'Belgrade', 'Serbia');
INSERT INTO `dnevnik` VALUES (6916, 'https://localhost:3000/dodajRacun', 'Službenik započeo dodavanje računa za novog korisnika.', '2023-03-28 15:02:46', NULL, 1, '92.244.136.251', 'Belgrade', 'Serbia');
INSERT INTO `dnevnik` VALUES (6917, 'https://localhost:3000/dodajRacun', 'Službenik dodao račun za novog korisnika.', '2023-03-28 15:02:57', NULL, 1, '92.244.136.251', 'Belgrade', 'Serbia');
INSERT INTO `dnevnik` VALUES (6918, 'https://localhost:3000/dodajRacun', 'Službenik dodao račun za novog korisnika.', '2023-03-28 15:03:45', NULL, 1, '92.244.136.251', 'Belgrade', 'Serbia');
INSERT INTO `dnevnik` VALUES (6919, 'https://localhost:3000/sluzbenikPocetna', 'Službenik završio dodavanje računa za novog korisnika', '2023-03-28 15:04:05', NULL, 1, '92.244.136.251', 'Belgrade', 'Serbia');
INSERT INTO `dnevnik` VALUES (6920, 'https://localhost:3000/sluzbenikPocetna', 'Službenik početna.', '2023-03-28 15:04:05', NULL, 1, '92.244.136.251', 'Belgrade', 'Serbia');
INSERT INTO `dnevnik` VALUES (6921, 'https://localhost:3000/dodajKorisnika', 'Službenik započeo dodavanje korisnika.', '2023-03-28 15:09:12', NULL, 1, '92.244.136.251', 'Belgrade', 'Serbia');
INSERT INTO `dnevnik` VALUES (6922, 'https://localhost:3000/pretragaKorisnika', 'Službenik završio dodavanje korisnika.', '2023-03-28 15:09:12', NULL, 1, '92.244.136.251', 'Belgrade', 'Serbia');
INSERT INTO `dnevnik` VALUES (6923, 'https://localhost:3000/pretragaKorisnika', 'Službenik pristupio pretrazi korisnika.', '2023-03-28 15:09:12', NULL, 1, '92.244.136.251', 'Belgrade', 'Serbia');
INSERT INTO `dnevnik` VALUES (6924, 'https://localhost:3000/pretragaKorisnika', 'Službenik izvršio pretragu korisnika.', '2023-03-28 15:09:14', NULL, 1, '92.244.136.251', 'Belgrade', 'Serbia');
INSERT INTO `dnevnik` VALUES (6925, 'https://localhost:3000/podaciKorisnik', 'Službenik pristupio podacima korisnika', '2023-03-28 15:09:15', NULL, 1, '92.244.136.251', 'Belgrade', 'Serbia');
INSERT INTO `dnevnik` VALUES (6926, 'https://localhost:3000/podaciKorisnik', 'Službenik pristupio podacima korisnika', '2023-03-28 15:11:08', NULL, 1, '92.244.136.251', 'Belgrade', 'Serbia');
INSERT INTO `dnevnik` VALUES (6927, 'https://localhost:3000/sluzbenikPocetna', 'Službenik zatvorio stranicu sa podacima korisnika.', '2023-03-28 15:11:16', NULL, 1, '92.244.136.251', 'Belgrade', 'Serbia');
INSERT INTO `dnevnik` VALUES (6928, 'https://localhost:3000/sluzbenikPocetna', 'Službenik početna.', '2023-03-28 15:11:16', NULL, 1, '92.244.136.251', 'Belgrade', 'Serbia');
INSERT INTO `dnevnik` VALUES (6929, 'https://localhost:3000/dodajKorisnika', 'Službenik započeo dodavanje korisnika.', '2023-03-28 15:11:18', NULL, 1, '92.244.136.251', 'Belgrade', 'Serbia');
INSERT INTO `dnevnik` VALUES (6930, 'https://localhost:3000/pretragaKorisnika', 'Službenik završio dodavanje korisnika.', '2023-03-28 15:11:18', NULL, 1, '92.244.136.251', 'Belgrade', 'Serbia');
INSERT INTO `dnevnik` VALUES (6931, 'https://localhost:3000/pretragaKorisnika', 'Službenik pristupio pretrazi korisnika.', '2023-03-28 15:11:18', NULL, 1, '92.244.136.251', 'Belgrade', 'Serbia');
INSERT INTO `dnevnik` VALUES (6932, 'https://localhost:3000/pretragaKorisnika', 'Službenik izvršio pretragu korisnika.', '2023-03-28 15:11:20', NULL, 1, '92.244.136.251', 'Belgrade', 'Serbia');
INSERT INTO `dnevnik` VALUES (6933, 'https://localhost:3000/podaciKorisnik', 'Službenik pristupio podacima korisnika', '2023-03-28 15:11:21', NULL, 1, '92.244.136.251', 'Belgrade', 'Serbia');
INSERT INTO `dnevnik` VALUES (6934, 'https://localhost:3000/sluzbenikPocetna', 'Službenik zatvorio stranicu sa podacima korisnika.', '2023-03-28 15:11:52', NULL, 1, '92.244.136.251', 'Belgrade', 'Serbia');
INSERT INTO `dnevnik` VALUES (6935, 'https://localhost:3000/sluzbenikPocetna', 'Službenik početna.', '2023-03-28 15:11:52', NULL, 1, '92.244.136.251', 'Belgrade', 'Serbia');
INSERT INTO `dnevnik` VALUES (6936, 'https://localhost:3000/dodajKorisnika', 'Službenik započeo dodavanje korisnika.', '2023-03-28 15:11:53', NULL, 1, '92.244.136.251', 'Belgrade', 'Serbia');
INSERT INTO `dnevnik` VALUES (6937, 'https://localhost:3000/pretragaKorisnika', 'Službenik završio dodavanje korisnika.', '2023-03-28 15:11:56', NULL, 1, '92.244.136.251', 'Belgrade', 'Serbia');
INSERT INTO `dnevnik` VALUES (6938, 'https://localhost:3000/pretragaKorisnika', 'Službenik pristupio pretrazi korisnika.', '2023-03-28 15:11:56', NULL, 1, '92.244.136.251', 'Belgrade', 'Serbia');
INSERT INTO `dnevnik` VALUES (6939, 'https://localhost:3000/pretragaKorisnika', 'Službenik izvršio pretragu korisnika.', '2023-03-28 15:11:57', NULL, 1, '92.244.136.251', 'Belgrade', 'Serbia');
INSERT INTO `dnevnik` VALUES (6940, 'https://localhost:3000/podaciKorisnik', 'Službenik pristupio podacima korisnika', '2023-03-28 15:12:00', NULL, 1, '92.244.136.251', 'Belgrade', 'Serbia');
INSERT INTO `dnevnik` VALUES (6941, 'https://localhost:3000/podaciKorisnik', 'Službenik pristupio podacima korisnika', '2023-03-28 15:12:51', NULL, 1, '92.244.136.251', 'Belgrade', 'Serbia');
INSERT INTO `dnevnik` VALUES (6942, 'https://localhost:3000/sluzbenikPocetna', 'Službenik zatvorio stranicu sa podacima korisnika.', '2023-03-28 15:12:52', NULL, 1, '92.244.136.251', 'Belgrade', 'Serbia');
INSERT INTO `dnevnik` VALUES (6943, 'https://localhost:3000/sluzbenikPocetna', 'Službenik početna.', '2023-03-28 15:12:52', NULL, 1, '92.244.136.251', 'Belgrade', 'Serbia');
INSERT INTO `dnevnik` VALUES (6944, 'https://localhost:3000/pretragaKorisnika', 'Službenik pristupio pretrazi korisnika.', '2023-03-28 15:12:53', NULL, 1, '92.244.136.251', 'Belgrade', 'Serbia');
INSERT INTO `dnevnik` VALUES (6945, 'https://localhost:3000/pretragaKorisnika', 'Službenik izvršio pretragu korisnika.', '2023-03-28 15:12:58', NULL, 1, '92.244.136.251', 'Belgrade', 'Serbia');
INSERT INTO `dnevnik` VALUES (6946, 'https://localhost:3000/podaciKorisnik', 'Službenik pristupio podacima korisnika', '2023-03-28 15:12:58', NULL, 1, '92.244.136.251', 'Belgrade', 'Serbia');
INSERT INTO `dnevnik` VALUES (6947, 'https://localhost:3000/podaciKorisnik', 'Službenik pristupio podacima korisnika', '2023-03-28 15:13:42', NULL, 1, '92.244.136.251', 'Belgrade', 'Serbia');
INSERT INTO `dnevnik` VALUES (6948, 'https://localhost:3000/sluzbenikPocetna', 'Službenik zatvorio stranicu sa podacima korisnika.', '2023-03-28 15:13:43', NULL, 1, '92.244.136.251', 'Belgrade', 'Serbia');
INSERT INTO `dnevnik` VALUES (6949, 'https://localhost:3000/sluzbenikPocetna', 'Službenik početna.', '2023-03-28 15:13:43', NULL, 1, '92.244.136.251', 'Belgrade', 'Serbia');
INSERT INTO `dnevnik` VALUES (6950, 'https://localhost:3000/pretragaKorisnika', 'Službenik pristupio pretrazi korisnika.', '2023-03-28 15:13:44', NULL, 1, '92.244.136.251', 'Belgrade', 'Serbia');
INSERT INTO `dnevnik` VALUES (6951, 'https://localhost:3000/pretragaKorisnika', 'Službenik izvršio pretragu korisnika.', '2023-03-28 15:13:47', NULL, 1, '92.244.136.251', 'Belgrade', 'Serbia');
INSERT INTO `dnevnik` VALUES (6952, 'https://localhost:3000/podaciKorisnik', 'Službenik pristupio podacima korisnika', '2023-03-28 15:13:47', NULL, 1, '92.244.136.251', 'Belgrade', 'Serbia');
INSERT INTO `dnevnik` VALUES (6953, 'https://localhost:3000/sluzbenikPocetna', 'Službenik zatvorio stranicu sa podacima korisnika.', '2023-03-28 15:15:26', NULL, 1, '92.244.136.251', 'Belgrade', 'Serbia');
INSERT INTO `dnevnik` VALUES (6954, 'https://localhost:3000/sluzbenikPocetna', 'Službenik početna.', '2023-03-28 15:15:26', NULL, 1, '92.244.136.251', 'Belgrade', 'Serbia');
INSERT INTO `dnevnik` VALUES (6955, 'https://localhost:3000/pretragaKorisnika', 'Službenik pristupio pretrazi korisnika.', '2023-03-28 15:15:26', NULL, 1, '92.244.136.251', 'Belgrade', 'Serbia');
INSERT INTO `dnevnik` VALUES (6956, 'https://localhost:3000/pretragaKorisnika', 'Službenik izvršio pretragu korisnika.', '2023-03-28 15:15:29', NULL, 1, '92.244.136.251', 'Belgrade', 'Serbia');
INSERT INTO `dnevnik` VALUES (6957, 'https://localhost:3000/podaciKorisnik', 'Službenik pristupio podacima korisnika', '2023-03-28 15:15:29', NULL, 1, '92.244.136.251', 'Belgrade', 'Serbia');
INSERT INTO `dnevnik` VALUES (6958, 'https://localhost:3000/sluzbenikPocetna', 'Službenik zatvorio stranicu sa podacima korisnika.', '2023-03-28 15:16:04', NULL, 1, '92.244.136.251', 'Belgrade', 'Serbia');
INSERT INTO `dnevnik` VALUES (6959, 'https://localhost:3000/sluzbenikPocetna', 'Službenik početna.', '2023-03-28 15:16:04', NULL, 1, '92.244.136.251', 'Belgrade', 'Serbia');
INSERT INTO `dnevnik` VALUES (6960, 'https://localhost:3000/pretragaKorisnika', 'Službenik pristupio pretrazi korisnika.', '2023-03-28 15:16:04', NULL, 1, '92.244.136.251', 'Belgrade', 'Serbia');
INSERT INTO `dnevnik` VALUES (6961, 'https://localhost:3000/pretragaKorisnika', 'Službenik izvršio pretragu korisnika.', '2023-03-28 15:16:06', NULL, 1, '92.244.136.251', 'Belgrade', 'Serbia');
INSERT INTO `dnevnik` VALUES (6962, 'https://localhost:3000/podaciKorisnik', 'Službenik pristupio podacima korisnika', '2023-03-28 15:16:06', NULL, 1, '92.244.136.251', 'Belgrade', 'Serbia');
INSERT INTO `dnevnik` VALUES (6963, 'https://localhost:3000/sluzbenikPocetna', 'Službenik zatvorio stranicu sa podacima korisnika.', '2023-03-28 15:16:21', NULL, 1, '92.244.136.251', 'Belgrade', 'Serbia');
INSERT INTO `dnevnik` VALUES (6964, 'https://localhost:3000/sluzbenikPocetna', 'Službenik početna.', '2023-03-28 15:16:21', NULL, 1, '92.244.136.251', 'Belgrade', 'Serbia');
INSERT INTO `dnevnik` VALUES (6965, 'https://localhost:3000/dodajKorisnika', 'Službenik započeo dodavanje korisnika.', '2023-03-28 15:16:22', NULL, 1, '92.244.136.251', 'Belgrade', 'Serbia');
INSERT INTO `dnevnik` VALUES (6966, 'https://localhost:3000/pretragaKorisnika', 'Službenik završio dodavanje korisnika.', '2023-03-28 15:16:23', NULL, 1, '92.244.136.251', 'Belgrade', 'Serbia');
INSERT INTO `dnevnik` VALUES (6967, 'https://localhost:3000/pretragaKorisnika', 'Službenik pristupio pretrazi korisnika.', '2023-03-28 15:16:23', NULL, 1, '92.244.136.251', 'Belgrade', 'Serbia');
INSERT INTO `dnevnik` VALUES (6968, 'https://localhost:3000/pretragaKorisnika', 'Službenik izvršio pretragu korisnika.', '2023-03-28 15:16:29', NULL, 1, '92.244.136.251', 'Belgrade', 'Serbia');
INSERT INTO `dnevnik` VALUES (6969, 'https://localhost:3000/podaciKorisnik', 'Službenik pristupio podacima korisnika', '2023-03-28 15:16:29', NULL, 1, '92.244.136.251', 'Belgrade', 'Serbia');
INSERT INTO `dnevnik` VALUES (6970, 'https://localhost:3000/sluzbenikPocetna', 'Službenik zatvorio stranicu sa podacima korisnika.', '2023-03-28 15:18:58', NULL, 1, '92.244.136.251', 'Belgrade', 'Serbia');
INSERT INTO `dnevnik` VALUES (6971, 'https://localhost:3000/sluzbenikPocetna', 'Službenik početna.', '2023-03-28 15:18:58', NULL, 1, '92.244.136.251', 'Belgrade', 'Serbia');
INSERT INTO `dnevnik` VALUES (6972, 'https://localhost:3000/pretragaKorisnika', 'Službenik pristupio pretrazi korisnika.', '2023-03-28 15:18:58', NULL, 1, '92.244.136.251', 'Belgrade', 'Serbia');
INSERT INTO `dnevnik` VALUES (6973, 'https://localhost:3000/pretragaKorisnika', 'Službenik izvršio pretragu korisnika.', '2023-03-28 15:19:01', NULL, 1, '92.244.136.251', 'Belgrade', 'Serbia');
INSERT INTO `dnevnik` VALUES (6974, 'https://localhost:3000/podaciKorisnik', 'Službenik pristupio podacima korisnika', '2023-03-28 15:19:01', NULL, 1, '92.244.136.251', 'Belgrade', 'Serbia');
INSERT INTO `dnevnik` VALUES (6975, 'https://localhost:3000/isplataNovca/1', 'Službenik zatvorio stranicu sa podacima korisnika.', '2023-03-28 15:21:15', NULL, 1, '92.244.136.251', 'Belgrade', 'Serbia');
INSERT INTO `dnevnik` VALUES (6976, 'https://localhost:3000/sluzbenikPocetna', 'Službenik početna.', '2023-03-28 15:22:23', NULL, 1, '92.244.136.251', 'Belgrade', 'Serbia');
INSERT INTO `dnevnik` VALUES (6977, 'https://localhost:3000/dodajKorisnika', 'Službenik započeo dodavanje korisnika.', '2023-03-28 15:22:24', NULL, 1, '92.244.136.251', 'Belgrade', 'Serbia');
INSERT INTO `dnevnik` VALUES (6978, 'https://localhost:3000/pretragaKorisnika', 'Službenik završio dodavanje korisnika.', '2023-03-28 15:22:25', NULL, 1, '92.244.136.251', 'Belgrade', 'Serbia');
INSERT INTO `dnevnik` VALUES (6979, 'https://localhost:3000/pretragaKorisnika', 'Službenik pristupio pretrazi korisnika.', '2023-03-28 15:22:25', NULL, 1, '92.244.136.251', 'Belgrade', 'Serbia');
INSERT INTO `dnevnik` VALUES (6980, 'https://localhost:3000/pretragaKorisnika', 'Službenik izvršio pretragu korisnika.', '2023-03-28 15:22:27', NULL, 1, '92.244.136.251', 'Belgrade', 'Serbia');
INSERT INTO `dnevnik` VALUES (6981, 'https://localhost:3000/podaciKorisnik', 'Službenik pristupio podacima korisnika', '2023-03-28 15:22:28', NULL, 1, '92.244.136.251', 'Belgrade', 'Serbia');
INSERT INTO `dnevnik` VALUES (6982, 'https://localhost:3000/isplataNovca/1', 'Službenik zatvorio stranicu sa podacima korisnika.', '2023-03-28 15:22:29', NULL, 1, '92.244.136.251', 'Belgrade', 'Serbia');
INSERT INTO `dnevnik` VALUES (6983, 'https://localhost:3000/podaciKorisnik', 'Službenik pristupio podacima korisnika', '2023-03-28 15:22:44', NULL, 1, '92.244.136.251', 'Belgrade', 'Serbia');
INSERT INTO `dnevnik` VALUES (6984, 'https://localhost:3000/isplataNovca/1', 'Službenik zatvorio stranicu sa podacima korisnika.', '2023-03-28 15:22:51', NULL, 1, '92.244.136.251', 'Belgrade', 'Serbia');
INSERT INTO `dnevnik` VALUES (6985, 'https://localhost:3000/podaciKorisnik', 'Službenik pristupio podacima korisnika', '2023-03-28 15:23:04', NULL, 1, '92.244.136.251', 'Belgrade', 'Serbia');
INSERT INTO `dnevnik` VALUES (6986, 'https://localhost:3000/sluzbenikPocetna', 'Službenik zatvorio stranicu sa podacima korisnika.', '2023-03-28 15:23:09', NULL, 1, '92.244.136.251', 'Belgrade', 'Serbia');
INSERT INTO `dnevnik` VALUES (6987, 'https://localhost:3000/sluzbenikPocetna', 'Službenik početna.', '2023-03-28 15:23:09', NULL, 1, '92.244.136.251', 'Belgrade', 'Serbia');
INSERT INTO `dnevnik` VALUES (6988, 'https://localhost:3000/odjavaSluzbenik', 'Službenik logout', '2023-03-28 15:23:09', NULL, 1, '92.244.136.251', 'Belgrade', 'Serbia');
INSERT INTO `dnevnik` VALUES (6989, 'https://localhost:3000/security/prijavaKorisnik', 'Ulogovan korisnik', '2023-03-28 15:23:25', 1, NULL, '92.244.136.251', 'Belgrade', 'Serbia');
INSERT INTO `dnevnik` VALUES (6990, 'https://localhost:3000/korisnik/pregledRacuni', 'Pregled računa, početna stranica', '2023-03-28 15:23:26', 1, NULL, '92.244.136.251', 'Belgrade', 'Serbia');
INSERT INTO `dnevnik` VALUES (6991, 'https://localhost:3000/pregledTransakcija/1', 'Korisnik pristupio pregledu transakcija.', '2023-03-28 15:23:29', 1, NULL, '92.244.136.251', 'Belgrade', 'Serbia');
INSERT INTO `dnevnik` VALUES (6992, 'https://localhost:3000/korisnik/pregledRacuni', 'Pregled računa, početna stranica', '2023-03-28 15:24:19', 1, NULL, '92.244.136.251', 'Belgrade', 'Serbia');
INSERT INTO `dnevnik` VALUES (6993, 'https://localhost:3000/odjavaKorisnik', 'Korisnik logout.', '2023-03-28 15:24:19', 1, NULL, '92.244.136.251', 'Belgrade', 'Serbia');
INSERT INTO `dnevnik` VALUES (6994, 'https://localhost:3000/security/prijavaKorisnik', 'Ulogovan korisnik', '2023-03-28 15:25:46', 1, NULL, '92.244.136.251', 'Belgrade', 'Serbia');
INSERT INTO `dnevnik` VALUES (6995, 'https://localhost:3000/security/prijavaKorisnik', 'Ulogovan korisnik', '2023-03-28 15:25:46', 1, NULL, '92.244.136.251', 'Belgrade', 'Serbia');
INSERT INTO `dnevnik` VALUES (6996, 'https://localhost:3000/korisnik/pregledRacuni', 'Pregled računa, početna stranica', '2023-03-28 15:25:46', 1, NULL, '92.244.136.251', 'Belgrade', 'Serbia');
INSERT INTO `dnevnik` VALUES (6997, 'https://localhost:3000/transakcija', 'Korisnik pristupio stranici za prenos novca.', '2023-03-28 15:25:47', 1, NULL, '92.244.136.251', 'Belgrade', 'Serbia');
INSERT INTO `dnevnik` VALUES (6998, 'https://localhost:3000/transakcija', 'Korisnik izvršio transakciju.', '2023-03-28 15:26:08', 1, NULL, '92.244.136.251', 'Belgrade', 'Serbia');
INSERT INTO `dnevnik` VALUES (6999, 'https://localhost:3000/korisnik/pregledRacuni', 'Korisnik zatvorio stranicu za prenos novca.', '2023-03-28 15:26:11', 1, NULL, '92.244.136.251', 'Belgrade', 'Serbia');
INSERT INTO `dnevnik` VALUES (7000, 'https://localhost:3000/korisnik/pregledRacuni', 'Pregled računa, početna stranica', '2023-03-28 15:26:11', 1, NULL, '92.244.136.251', 'Belgrade', 'Serbia');
INSERT INTO `dnevnik` VALUES (7001, 'https://localhost:3000/pregledTransakcija/1', 'Korisnik pristupio pregledu transakcija.', '2023-03-28 15:26:15', 1, NULL, '92.244.136.251', 'Belgrade', 'Serbia');
INSERT INTO `dnevnik` VALUES (7002, 'https://localhost:3000/korisnik/pregledRacuni', 'Pregled računa, početna stranica', '2023-03-28 15:28:05', 1, NULL, '92.244.136.251', 'Belgrade', 'Serbia');
INSERT INTO `dnevnik` VALUES (7003, 'https://localhost:3000/transakcija', 'Korisnik pristupio stranici za prenos novca.', '2023-03-28 15:28:05', 1, NULL, '92.244.136.251', 'Belgrade', 'Serbia');
INSERT INTO `dnevnik` VALUES (7004, 'https://localhost:3000/transakcija', 'Korisnik izvršio transakciju.', '2023-03-28 15:28:41', 1, NULL, '92.244.136.251', 'Belgrade', 'Serbia');
INSERT INTO `dnevnik` VALUES (7005, 'https://localhost:3000/korisnik/pregledRacuni', 'Korisnik zatvorio stranicu za prenos novca.', '2023-03-28 15:28:45', 1, NULL, '92.244.136.251', 'Belgrade', 'Serbia');
INSERT INTO `dnevnik` VALUES (7006, 'https://localhost:3000/korisnik/pregledRacuni', 'Pregled računa, početna stranica', '2023-03-28 15:28:45', 1, NULL, '92.244.136.251', 'Belgrade', 'Serbia');
INSERT INTO `dnevnik` VALUES (7007, 'https://localhost:3000/pregledTransakcija/1', 'Korisnik pristupio pregledu transakcija.', '2023-03-28 15:28:46', 1, NULL, '92.244.136.251', 'Belgrade', 'Serbia');
INSERT INTO `dnevnik` VALUES (7008, 'https://localhost:3000/korisnik/pregledRacuni', 'Pregled računa, početna stranica', '2023-03-28 15:28:48', 1, NULL, '92.244.136.251', 'Belgrade', 'Serbia');
INSERT INTO `dnevnik` VALUES (7009, 'https://localhost:3000/pregledTransakcija/1', 'Korisnik pristupio pregledu transakcija.', '2023-03-28 15:39:58', 1, NULL, '92.244.136.251', 'Belgrade', 'Serbia');
INSERT INTO `dnevnik` VALUES (7010, 'https://localhost:3000/korisnik/pregledRacuni', 'Pregled računa, početna stranica', '2023-03-28 15:40:00', 1, NULL, '92.244.136.251', 'Belgrade', 'Serbia');
INSERT INTO `dnevnik` VALUES (7011, 'https://localhost:3000/pregledTransakcija/1', 'Korisnik pristupio pregledu transakcija.', '2023-03-28 15:40:02', 1, NULL, '92.244.136.251', 'Belgrade', 'Serbia');
INSERT INTO `dnevnik` VALUES (7012, 'https://localhost:3000/korisnik/pregledRacuni', 'Pregled računa, početna stranica', '2023-03-28 15:40:07', 1, NULL, '92.244.136.251', 'Belgrade', 'Serbia');
INSERT INTO `dnevnik` VALUES (7013, 'https://localhost:3000/transakcija', 'Korisnik pristupio stranici za prenos novca.', '2023-03-28 15:41:03', 1, NULL, '92.244.136.251', 'Belgrade', 'Serbia');
INSERT INTO `dnevnik` VALUES (7014, 'https://localhost:3000/transakcija', 'Korisnik izvršio transakciju.', '2023-03-28 15:41:14', 1, NULL, '92.244.136.251', 'Belgrade', 'Serbia');
INSERT INTO `dnevnik` VALUES (7015, 'https://localhost:3000/korisnik/pregledRacuni', 'Korisnik zatvorio stranicu za prenos novca.', '2023-03-28 15:41:14', 1, NULL, '92.244.136.251', 'Belgrade', 'Serbia');
INSERT INTO `dnevnik` VALUES (7016, 'https://localhost:3000/korisnik/pregledRacuni', 'Pregled računa, početna stranica', '2023-03-28 15:41:15', 1, NULL, '92.244.136.251', 'Belgrade', 'Serbia');
INSERT INTO `dnevnik` VALUES (7017, 'https://localhost:3000/pregledTransakcija/1', 'Korisnik pristupio pregledu transakcija.', '2023-03-28 15:41:18', 1, NULL, '92.244.136.251', 'Belgrade', 'Serbia');
INSERT INTO `dnevnik` VALUES (7018, 'https://localhost:3000/korisnik/pregledRacuni', 'Pregled računa, početna stranica', '2023-03-28 15:41:25', 1, NULL, '92.244.136.251', 'Belgrade', 'Serbia');
INSERT INTO `dnevnik` VALUES (7019, 'https://localhost:3000/transakcija', 'Korisnik izvršio transakciju.', '2023-03-28 15:42:21', 1, NULL, '92.244.136.251', 'Belgrade', 'Serbia');
INSERT INTO `dnevnik` VALUES (7020, 'https://localhost:3000/korisnik/pregledRacuni', 'Korisnik zatvorio stranicu za prenos novca.', '2023-03-28 15:42:21', 1, NULL, '92.244.136.251', 'Belgrade', 'Serbia');
INSERT INTO `dnevnik` VALUES (7021, 'https://localhost:3000/korisnik/pregledRacuni', 'Pregled računa, početna stranica', '2023-03-28 15:42:21', 1, NULL, '92.244.136.251', 'Belgrade', 'Serbia');
INSERT INTO `dnevnik` VALUES (7022, 'https://localhost:3000/pregledTransakcija/1', 'Korisnik pristupio pregledu transakcija.', '2023-03-28 15:42:21', 1, NULL, '92.244.136.251', 'Belgrade', 'Serbia');
INSERT INTO `dnevnik` VALUES (7023, 'https://localhost:3000/korisnik/pregledRacuni', 'Pregled računa, početna stranica', '2023-03-28 15:42:21', 1, NULL, '92.244.136.251', 'Belgrade', 'Serbia');
INSERT INTO `dnevnik` VALUES (7024, 'https://localhost:3000/transakcija', 'Korisnik pristupio stranici za prenos novca.', '2023-03-28 15:42:53', 1, NULL, '92.244.136.251', 'Belgrade', 'Serbia');
INSERT INTO `dnevnik` VALUES (7025, 'https://localhost:3000/transakcija', 'Korisnik izvršio transakciju.', '2023-03-28 15:43:04', 1, NULL, '92.244.136.251', 'Belgrade', 'Serbia');
INSERT INTO `dnevnik` VALUES (7026, 'https://localhost:3000/korisnik/pregledRacuni', 'Korisnik zatvorio stranicu za prenos novca.', '2023-03-28 15:43:06', 1, NULL, '92.244.136.251', 'Belgrade', 'Serbia');
INSERT INTO `dnevnik` VALUES (7027, 'https://localhost:3000/korisnik/pregledRacuni', 'Pregled računa, početna stranica', '2023-03-28 15:43:06', 1, NULL, '92.244.136.251', 'Belgrade', 'Serbia');
INSERT INTO `dnevnik` VALUES (7028, 'https://localhost:3000/transakcija', 'Korisnik pristupio stranici za prenos novca.', '2023-03-28 15:44:11', 1, NULL, '92.244.136.251', 'Belgrade', 'Serbia');
INSERT INTO `dnevnik` VALUES (7029, 'https://localhost:3000/security/prijavaKorisnik', 'Ulogovan korisnik', '2023-03-28 15:45:01', 1, NULL, '92.244.136.251', 'Belgrade', 'Serbia');
INSERT INTO `dnevnik` VALUES (7030, 'https://localhost:3000/korisnik/pregledRacuni', 'Pregled računa, početna stranica', '2023-03-28 15:45:01', 1, NULL, '92.244.136.251', 'Belgrade', 'Serbia');
INSERT INTO `dnevnik` VALUES (7031, 'https://localhost:3000/transakcija', 'Korisnik pristupio stranici za prenos novca.', '2023-03-28 15:45:02', 1, NULL, '92.244.136.251', 'Belgrade', 'Serbia');
INSERT INTO `dnevnik` VALUES (7032, 'https://localhost:3000/korisnik/pregledRacuni', 'Pregled računa, početna stranica', '2023-03-28 15:46:31', 1, NULL, '92.244.136.251', 'Belgrade', 'Serbia');
INSERT INTO `dnevnik` VALUES (7033, 'https://localhost:3000/security/prijavaKorisnik', 'Ulogovan korisnik', '2023-03-28 15:46:31', 1, NULL, '92.244.136.251', 'Belgrade', 'Serbia');
INSERT INTO `dnevnik` VALUES (7034, 'https://localhost:3000/security/prijavaKorisnik', 'Ulogovan korisnik', '2023-03-28 15:46:31', 1, NULL, '92.244.136.251', 'Belgrade', 'Serbia');
INSERT INTO `dnevnik` VALUES (7035, 'https://localhost:3000/transakcija', 'Korisnik pristupio stranici za prenos novca.', '2023-03-28 15:46:31', 1, NULL, '92.244.136.251', 'Belgrade', 'Serbia');
INSERT INTO `dnevnik` VALUES (7036, 'https://localhost:3000/transakcija', 'Korisnik izvršio transakciju.', '2023-03-28 15:46:31', 1, NULL, '92.244.136.251', 'Belgrade', 'Serbia');
INSERT INTO `dnevnik` VALUES (7037, 'https://localhost:3000/korisnik/pregledRacuni', 'Korisnik zatvorio stranicu za prenos novca.', '2023-03-28 15:46:31', 1, NULL, '92.244.136.251', 'Belgrade', 'Serbia');
INSERT INTO `dnevnik` VALUES (7038, 'https://localhost:3000/korisnik/pregledRacuni', 'Pregled računa, početna stranica', '2023-03-28 15:46:31', 1, NULL, '92.244.136.251', 'Belgrade', 'Serbia');
INSERT INTO `dnevnik` VALUES (7039, 'https://localhost:3000/transakcija', 'Korisnik pristupio stranici za prenos novca.', '2023-03-28 15:48:56', 1, NULL, '92.244.136.251', 'Belgrade', 'Serbia');
INSERT INTO `dnevnik` VALUES (7040, 'https://localhost:3000/transakcija', 'Korisnik izvršio transakciju.', '2023-03-28 15:49:04', 1, NULL, '92.244.136.251', 'Belgrade', 'Serbia');
INSERT INTO `dnevnik` VALUES (7041, 'https://localhost:3000/korisnik/pregledRacuni', 'Korisnik zatvorio stranicu za prenos novca.', '2023-03-28 15:49:05', 1, NULL, '92.244.136.251', 'Belgrade', 'Serbia');
INSERT INTO `dnevnik` VALUES (7042, 'https://localhost:3000/korisnik/pregledRacuni', 'Pregled računa, početna stranica', '2023-03-28 15:49:05', 1, NULL, '92.244.136.251', 'Belgrade', 'Serbia');
INSERT INTO `dnevnik` VALUES (7043, 'https://localhost:3000/korisnik/pregledRacuni', 'Pregled računa, početna stranica', '2023-03-28 15:49:29', 1, NULL, '92.244.136.251', 'Belgrade', 'Serbia');
INSERT INTO `dnevnik` VALUES (7044, 'https://localhost:3000/security/prijavaKorisnik', 'Ulogovan korisnik', '2023-03-28 15:50:05', 1, NULL, '92.244.136.251', 'Belgrade', 'Serbia');
INSERT INTO `dnevnik` VALUES (7045, 'https://localhost:3000/security/prijavaKorisnik', 'Ulogovan korisnik', '2023-03-28 15:50:05', 1, NULL, '92.244.136.251', 'Belgrade', 'Serbia');
INSERT INTO `dnevnik` VALUES (7046, 'https://localhost:3000/security/prijavaKorisnik', 'Ulogovan korisnik', '2023-03-28 15:50:05', 1, NULL, '92.244.136.251', 'Belgrade', 'Serbia');
INSERT INTO `dnevnik` VALUES (7047, 'https://localhost:3000/korisnik/pregledRacuni', 'Pregled računa, početna stranica', '2023-03-28 15:50:05', 1, NULL, '92.244.136.251', 'Belgrade', 'Serbia');
INSERT INTO `dnevnik` VALUES (7048, 'https://localhost:3000/transakcija', 'Korisnik pristupio stranici za prenos novca.', '2023-03-28 15:50:05', 1, NULL, '92.244.136.251', 'Belgrade', 'Serbia');
INSERT INTO `dnevnik` VALUES (7049, 'https://localhost:3000/transakcija', 'Korisnik izvršio transakciju.', '2023-03-28 15:50:14', 1, NULL, '92.244.136.251', 'Belgrade', 'Serbia');
INSERT INTO `dnevnik` VALUES (7050, 'https://localhost:3000/korisnik/pregledRacuni', 'Korisnik zatvorio stranicu za prenos novca.', '2023-03-28 15:52:47', 1, NULL, '92.244.136.251', 'Belgrade', 'Serbia');
INSERT INTO `dnevnik` VALUES (7051, 'https://localhost:3000/korisnik/pregledRacuni', 'Pregled računa, početna stranica', '2023-03-28 15:52:47', 1, NULL, '92.244.136.251', 'Belgrade', 'Serbia');
INSERT INTO `dnevnik` VALUES (7052, 'https://localhost:3000/pregledTransakcija/309', 'Korisnik pristupio pregledu transakcija.', '2023-03-28 15:52:47', 1, NULL, '92.244.136.251', 'Belgrade', 'Serbia');
INSERT INTO `dnevnik` VALUES (7053, 'https://localhost:3000/security/prijavaKorisnik', 'Ulogovan korisnik', '2023-03-28 15:53:36', 1, NULL, '92.244.136.251', 'Belgrade', 'Serbia');
INSERT INTO `dnevnik` VALUES (7054, 'https://localhost:3000/security/prijavaKorisnik', 'Ulogovan korisnik', '2023-03-28 15:53:36', 1, NULL, '92.244.136.251', 'Belgrade', 'Serbia');
INSERT INTO `dnevnik` VALUES (7055, 'https://localhost:3000/security/prijavaKorisnik', 'Ulogovan korisnik', '2023-03-28 15:53:36', 1, NULL, '92.244.136.251', 'Belgrade', 'Serbia');
INSERT INTO `dnevnik` VALUES (7056, 'https://localhost:3000/security/prijavaKorisnik', 'Ulogovan korisnik', '2023-03-28 15:53:36', 1, NULL, '92.244.136.251', 'Belgrade', 'Serbia');
INSERT INTO `dnevnik` VALUES (7057, 'https://localhost:3000/korisnik/pregledRacuni', 'Pregled računa, početna stranica', '2023-03-28 15:53:36', 1, NULL, '92.244.136.251', 'Belgrade', 'Serbia');
INSERT INTO `dnevnik` VALUES (7058, 'https://localhost:3000/transakcija', 'Korisnik pristupio stranici za prenos novca.', '2023-03-28 15:53:37', 1, NULL, '92.244.136.251', 'Belgrade', 'Serbia');
INSERT INTO `dnevnik` VALUES (7059, 'https://localhost:3000/transakcija', 'Korisnik izvršio transakciju.', '2023-03-28 15:53:48', 1, NULL, '92.244.136.251', 'Belgrade', 'Serbia');
INSERT INTO `dnevnik` VALUES (7060, 'https://localhost:3000/korisnik/pregledRacuni', 'Korisnik zatvorio stranicu za prenos novca.', '2023-03-28 15:53:50', 1, NULL, '92.244.136.251', 'Belgrade', 'Serbia');
INSERT INTO `dnevnik` VALUES (7061, 'https://localhost:3000/korisnik/pregledRacuni', 'Pregled računa, početna stranica', '2023-03-28 15:53:50', 1, NULL, '92.244.136.251', 'Belgrade', 'Serbia');
INSERT INTO `dnevnik` VALUES (7062, 'https://localhost:3000/transakcija', 'Korisnik pristupio stranici za prenos novca.', '2023-03-28 15:54:46', 1, NULL, '92.244.136.251', 'Belgrade', 'Serbia');
INSERT INTO `dnevnik` VALUES (7063, 'https://localhost:3000/transakcija', 'Korisnik izvršio transakciju.', '2023-03-28 15:54:46', 1, NULL, '92.244.136.251', 'Belgrade', 'Serbia');
INSERT INTO `dnevnik` VALUES (7064, 'https://localhost:3000/korisnik/pregledRacuni', 'Korisnik zatvorio stranicu za prenos novca.', '2023-03-28 15:54:46', 1, NULL, '92.244.136.251', 'Belgrade', 'Serbia');
INSERT INTO `dnevnik` VALUES (7065, 'https://localhost:3000/korisnik/pregledRacuni', 'Pregled računa, početna stranica', '2023-03-28 15:54:46', 1, NULL, '92.244.136.251', 'Belgrade', 'Serbia');
INSERT INTO `dnevnik` VALUES (7066, 'https://localhost:3000/transakcija', 'Korisnik pristupio stranici za prenos novca.', '2023-03-28 15:55:41', 1, NULL, '92.244.136.251', 'Belgrade', 'Serbia');
INSERT INTO `dnevnik` VALUES (7067, 'https://localhost:3000/transakcija', 'Korisnik izvršio transakciju.', '2023-03-28 15:55:54', 1, NULL, '92.244.136.251', 'Belgrade', 'Serbia');
INSERT INTO `dnevnik` VALUES (7068, 'https://localhost:3000/korisnik/pregledRacuni', 'Korisnik zatvorio stranicu za prenos novca.', '2023-03-28 15:58:09', 1, NULL, '92.244.136.251', 'Belgrade', 'Serbia');
INSERT INTO `dnevnik` VALUES (7069, 'https://localhost:3000/korisnik/pregledRacuni', 'Pregled računa, početna stranica', '2023-03-28 15:58:09', 1, NULL, '92.244.136.251', 'Belgrade', 'Serbia');
INSERT INTO `dnevnik` VALUES (7070, 'https://localhost:3000/transakcija', 'Korisnik pristupio stranici za prenos novca.', '2023-03-28 15:58:09', 1, NULL, '92.244.136.251', 'Belgrade', 'Serbia');
INSERT INTO `dnevnik` VALUES (7071, 'https://localhost:3000/korisnik/pregledRacuni', 'Korisnik zatvorio stranicu za prenos novca.', '2023-03-28 16:01:23', 1, NULL, '92.244.136.251', 'Belgrade', 'Serbia');
INSERT INTO `dnevnik` VALUES (7072, 'https://localhost:3000/korisnik/pregledRacuni', 'Pregled računa, početna stranica', '2023-03-28 16:01:23', 1, NULL, '92.244.136.251', 'Belgrade', 'Serbia');
INSERT INTO `dnevnik` VALUES (7073, 'https://localhost:3000/korisnik/pregledRacuni', 'Pregled računa, početna stranica', '2023-03-28 16:01:24', 1, NULL, '92.244.136.251', 'Belgrade', 'Serbia');
INSERT INTO `dnevnik` VALUES (7074, 'https://localhost:3000/pregledTransakcija/1', 'Korisnik pristupio pregledu transakcija.', '2023-03-28 16:01:25', 1, NULL, '92.244.136.251', 'Belgrade', 'Serbia');
INSERT INTO `dnevnik` VALUES (7075, 'https://localhost:3000/korisnik/pregledRacuni', 'Pregled računa, početna stranica', '2023-03-28 16:01:33', 1, NULL, '92.244.136.251', 'Belgrade', 'Serbia');
INSERT INTO `dnevnik` VALUES (7076, 'https://localhost:3000/transakcija', 'Korisnik pristupio stranici za prenos novca.', '2023-03-28 16:01:33', 1, NULL, '92.244.136.251', 'Belgrade', 'Serbia');
INSERT INTO `dnevnik` VALUES (7077, 'https://localhost:3000/security/prijavaKorisnik', 'Ulogovan korisnik', '2023-03-28 16:04:07', 1, NULL, '92.244.136.251', 'Belgrade', 'Serbia');
INSERT INTO `dnevnik` VALUES (7078, 'https://localhost:3000/security/prijavaKorisnik', 'Ulogovan korisnik', '2023-03-28 16:04:07', 1, NULL, '92.244.136.251', 'Belgrade', 'Serbia');
INSERT INTO `dnevnik` VALUES (7079, 'https://localhost:3000/korisnik/pregledRacuni', 'Pregled računa, početna stranica', '2023-03-28 16:04:07', 1, NULL, '92.244.136.251', 'Belgrade', 'Serbia');
INSERT INTO `dnevnik` VALUES (7080, 'https://localhost:3000/pregledTransakcija/1', 'Korisnik pristupio pregledu transakcija.', '2023-03-28 16:04:07', 1, NULL, '92.244.136.251', 'Belgrade', 'Serbia');
INSERT INTO `dnevnik` VALUES (7081, 'https://localhost:3000/korisnik/pregledRacuni', 'Pregled računa, početna stranica', '2023-03-28 16:04:07', 1, NULL, '92.244.136.251', 'Belgrade', 'Serbia');
INSERT INTO `dnevnik` VALUES (7082, 'https://localhost:3000/transakcija', 'Korisnik pristupio stranici za prenos novca.', '2023-03-28 16:04:12', 1, NULL, '92.244.136.251', 'Belgrade', 'Serbia');
INSERT INTO `dnevnik` VALUES (7083, 'https://localhost:3000/transakcija', 'Korisnik izvršio transakciju.', '2023-03-28 16:04:29', 1, NULL, '92.244.136.251', 'Belgrade', 'Serbia');
INSERT INTO `dnevnik` VALUES (7084, 'https://localhost:3000/korisnik/pregledRacuni', 'Korisnik zatvorio stranicu za prenos novca.', '2023-03-28 16:04:29', 1, NULL, '92.244.136.251', 'Belgrade', 'Serbia');
INSERT INTO `dnevnik` VALUES (7085, 'https://localhost:3000/korisnik/pregledRacuni', 'Pregled računa, početna stranica', '2023-03-28 16:04:29', 1, NULL, '92.244.136.251', 'Belgrade', 'Serbia');
INSERT INTO `dnevnik` VALUES (7086, 'https://localhost:3000/pregledTransakcija/1', 'Korisnik pristupio pregledu transakcija.', '2023-03-28 16:04:29', 1, NULL, '92.244.136.251', 'Belgrade', 'Serbia');
INSERT INTO `dnevnik` VALUES (7087, 'https://localhost:3000/korisnik/pregledRacuni', 'Pregled računa, početna stranica', '2023-03-28 16:05:36', 1, NULL, '92.244.136.251', 'Belgrade', 'Serbia');
INSERT INTO `dnevnik` VALUES (7088, 'https://localhost:3000/pregledTransakcija/1', 'Korisnik pristupio pregledu transakcija.', '2023-03-28 16:08:54', 1, NULL, '92.244.136.251', 'Belgrade', 'Serbia');
INSERT INTO `dnevnik` VALUES (7089, 'https://localhost:3000/security/prijavaKorisnik', 'Ulogovan korisnik', '2023-03-28 16:10:53', 1, NULL, '92.244.136.251', 'Belgrade', 'Serbia');
INSERT INTO `dnevnik` VALUES (7090, 'https://localhost:3000/security/prijavaKorisnik', 'Ulogovan korisnik', '2023-03-28 16:10:54', 1, NULL, '92.244.136.251', 'Belgrade', 'Serbia');
INSERT INTO `dnevnik` VALUES (7091, 'https://localhost:3000/security/prijavaKorisnik', 'Ulogovan korisnik', '2023-03-28 16:10:54', 1, NULL, '92.244.136.251', 'Belgrade', 'Serbia');
INSERT INTO `dnevnik` VALUES (7092, 'https://localhost:3000/korisnik/pregledRacuni', 'Pregled računa, početna stranica', '2023-03-28 16:10:54', 1, NULL, '92.244.136.251', 'Belgrade', 'Serbia');
INSERT INTO `dnevnik` VALUES (7093, 'https://localhost:3000/transakcija', 'Korisnik pristupio stranici za prenos novca.', '2023-03-28 16:10:54', 1, NULL, '92.244.136.251', 'Belgrade', 'Serbia');
INSERT INTO `dnevnik` VALUES (7094, 'https://localhost:3000/security/prijavaKorisnik', 'Ulogovan korisnik', '2023-03-28 16:14:11', 1, NULL, '92.244.136.251', 'Belgrade', 'Serbia');
INSERT INTO `dnevnik` VALUES (7095, 'https://localhost:3000/security/prijavaKorisnik', 'Ulogovan korisnik', '2023-03-28 16:14:11', 1, NULL, '92.244.136.251', 'Belgrade', 'Serbia');
INSERT INTO `dnevnik` VALUES (7096, 'https://localhost:3000/security/prijavaKorisnik', 'Ulogovan korisnik', '2023-03-28 16:14:11', 1, NULL, '92.244.136.251', 'Belgrade', 'Serbia');
INSERT INTO `dnevnik` VALUES (7097, 'https://localhost:3000/security/prijavaKorisnik', 'Ulogovan korisnik', '2023-03-28 16:14:11', 1, NULL, '92.244.136.251', 'Belgrade', 'Serbia');
INSERT INTO `dnevnik` VALUES (7098, 'https://localhost:3000/korisnik/pregledRacuni', 'Pregled računa, početna stranica', '2023-03-28 16:14:11', 1, NULL, '92.244.136.251', 'Belgrade', 'Serbia');
INSERT INTO `dnevnik` VALUES (7099, 'https://localhost:3000/transakcija', 'Korisnik pristupio stranici za prenos novca.', '2023-03-28 16:14:11', 1, NULL, '92.244.136.251', 'Belgrade', 'Serbia');
INSERT INTO `dnevnik` VALUES (7100, 'https://localhost:3000/security/prijavaKorisnik', 'Ulogovan korisnik', '2023-03-28 16:15:36', 1, NULL, '92.244.136.251', 'Belgrade', 'Serbia');
INSERT INTO `dnevnik` VALUES (7101, 'https://localhost:3000/security/prijavaKorisnik', 'Ulogovan korisnik', '2023-03-28 16:15:36', 1, NULL, '92.244.136.251', 'Belgrade', 'Serbia');
INSERT INTO `dnevnik` VALUES (7102, 'https://localhost:3000/korisnik/pregledRacuni', 'Pregled računa, početna stranica', '2023-03-28 16:15:36', 1, NULL, '92.244.136.251', 'Belgrade', 'Serbia');
INSERT INTO `dnevnik` VALUES (7103, 'https://localhost:3000/security/prijavaKorisnik', 'Ulogovan korisnik', '2023-03-28 16:15:36', 1, NULL, '92.244.136.251', 'Belgrade', 'Serbia');
INSERT INTO `dnevnik` VALUES (7104, 'https://localhost:3000/security/prijavaKorisnik', 'Ulogovan korisnik', '2023-03-28 16:15:36', 1, NULL, '92.244.136.251', 'Belgrade', 'Serbia');
INSERT INTO `dnevnik` VALUES (7105, 'https://localhost:3000/security/prijavaKorisnik', 'Ulogovan korisnik', '2023-03-28 16:15:36', 1, NULL, '92.244.136.251', 'Belgrade', 'Serbia');
INSERT INTO `dnevnik` VALUES (7106, 'https://localhost:3000/transakcija', 'Korisnik pristupio stranici za prenos novca.', '2023-03-28 16:15:36', 1, NULL, '92.244.136.251', 'Belgrade', 'Serbia');
INSERT INTO `dnevnik` VALUES (7107, 'https://localhost:3000/security/prijavaKorisnik', 'Ulogovan korisnik', '2023-03-28 16:19:25', 1, NULL, '92.244.136.251', 'Belgrade', 'Serbia');
INSERT INTO `dnevnik` VALUES (7108, 'https://localhost:3000/security/prijavaKorisnik', 'Ulogovan korisnik', '2023-03-28 16:19:25', 1, NULL, '92.244.136.251', 'Belgrade', 'Serbia');
INSERT INTO `dnevnik` VALUES (7109, 'https://localhost:3000/security/prijavaKorisnik', 'Ulogovan korisnik', '2023-03-28 16:19:25', 1, NULL, '92.244.136.251', 'Belgrade', 'Serbia');
INSERT INTO `dnevnik` VALUES (7110, 'https://localhost:3000/security/prijavaKorisnik', 'Ulogovan korisnik', '2023-03-28 16:19:25', 1, NULL, '92.244.136.251', 'Belgrade', 'Serbia');
INSERT INTO `dnevnik` VALUES (7111, 'https://localhost:3000/security/prijavaKorisnik', 'Ulogovan korisnik', '2023-03-28 16:19:26', 1, NULL, '92.244.136.251', 'Belgrade', 'Serbia');
INSERT INTO `dnevnik` VALUES (7112, 'https://localhost:3000/security/prijavaKorisnik', 'Ulogovan korisnik', '2023-03-28 16:19:26', 1, NULL, '92.244.136.251', 'Belgrade', 'Serbia');
INSERT INTO `dnevnik` VALUES (7113, 'https://localhost:3000/korisnik/pregledRacuni', 'Pregled računa, početna stranica', '2023-03-28 16:19:26', 1, NULL, '92.244.136.251', 'Belgrade', 'Serbia');
INSERT INTO `dnevnik` VALUES (7114, 'https://localhost:3000/pregledTransakcija/1', 'Korisnik pristupio pregledu transakcija.', '2023-03-28 16:19:26', 1, NULL, '92.244.136.251', 'Belgrade', 'Serbia');
INSERT INTO `dnevnik` VALUES (7115, 'https://localhost:3000/korisnik/pregledRacuni', 'Pregled računa, početna stranica', '2023-03-28 16:19:30', 1, NULL, '92.244.136.251', 'Belgrade', 'Serbia');
INSERT INTO `dnevnik` VALUES (7116, 'https://localhost:3000/transakcija', 'Korisnik pristupio stranici za prenos novca.', '2023-03-28 16:19:30', 1, NULL, '92.244.136.251', 'Belgrade', 'Serbia');
INSERT INTO `dnevnik` VALUES (7117, 'https://localhost:3000/transakcija', 'Korisnik izvršio transakciju.', '2023-03-28 16:19:44', 1, NULL, '92.244.136.251', 'Belgrade', 'Serbia');
INSERT INTO `dnevnik` VALUES (7118, 'https://localhost:3000/korisnik/pregledRacuni', 'Korisnik zatvorio stranicu za prenos novca.', '2023-03-28 16:19:44', 1, NULL, '92.244.136.251', 'Belgrade', 'Serbia');
INSERT INTO `dnevnik` VALUES (7119, 'https://localhost:3000/korisnik/pregledRacuni', 'Pregled računa, početna stranica', '2023-03-28 16:19:44', 1, NULL, '92.244.136.251', 'Belgrade', 'Serbia');
INSERT INTO `dnevnik` VALUES (7120, 'https://localhost:3000/pregledTransakcija/1', 'Korisnik pristupio pregledu transakcija.', '2023-03-28 16:19:44', 1, NULL, '92.244.136.251', 'Belgrade', 'Serbia');
INSERT INTO `dnevnik` VALUES (7121, 'https://localhost:3000/korisnik/pregledRacuni', 'Pregled računa, početna stranica', '2023-03-28 16:21:28', 1, NULL, '92.244.136.251', 'Belgrade', 'Serbia');
INSERT INTO `dnevnik` VALUES (7122, 'https://localhost:3000/transakcija', 'Korisnik pristupio stranici za prenos novca.', '2023-03-28 16:21:28', 1, NULL, '92.244.136.251', 'Belgrade', 'Serbia');
INSERT INTO `dnevnik` VALUES (7123, 'https://localhost:3000/transakcija', 'Korisnik izvršio transakciju.', '2023-03-28 16:21:34', 1, NULL, '92.244.136.251', 'Belgrade', 'Serbia');
INSERT INTO `dnevnik` VALUES (7124, 'https://localhost:3000/korisnik/pregledRacuni', 'Korisnik zatvorio stranicu za prenos novca.', '2023-03-28 16:21:34', 1, NULL, '92.244.136.251', 'Belgrade', 'Serbia');
INSERT INTO `dnevnik` VALUES (7125, 'https://localhost:3000/korisnik/pregledRacuni', 'Pregled računa, početna stranica', '2023-03-28 16:21:34', 1, NULL, '92.244.136.251', 'Belgrade', 'Serbia');
INSERT INTO `dnevnik` VALUES (7126, 'https://localhost:3000/transakcija', 'Korisnik pristupio stranici za prenos novca.', '2023-03-28 16:21:35', 1, NULL, '92.244.136.251', 'Belgrade', 'Serbia');
INSERT INTO `dnevnik` VALUES (7127, 'https://localhost:3000/korisnik/pregledRacuni', 'Korisnik zatvorio stranicu za prenos novca.', '2023-03-28 16:21:38', 1, NULL, '92.244.136.251', 'Belgrade', 'Serbia');
INSERT INTO `dnevnik` VALUES (7128, 'https://localhost:3000/korisnik/pregledRacuni', 'Pregled računa, početna stranica', '2023-03-28 16:21:38', 1, NULL, '92.244.136.251', 'Belgrade', 'Serbia');
INSERT INTO `dnevnik` VALUES (7129, 'https://localhost:3000/pregledTransakcija/1', 'Korisnik pristupio pregledu transakcija.', '2023-03-28 16:21:39', 1, NULL, '92.244.136.251', 'Belgrade', 'Serbia');
INSERT INTO `dnevnik` VALUES (7130, 'https://localhost:3000/transakcija', 'Korisnik pristupio stranici za prenos novca.', '2023-03-28 16:24:24', 1, NULL, '92.244.136.251', 'Belgrade', 'Serbia');
INSERT INTO `dnevnik` VALUES (7131, 'https://localhost:3000/transakcija', 'Korisnik izvršio transakciju.', '2023-03-28 16:24:24', 1, NULL, '92.244.136.251', 'Belgrade', 'Serbia');
INSERT INTO `dnevnik` VALUES (7132, 'https://localhost:3000/korisnik/pregledRacuni', 'Korisnik zatvorio stranicu za prenos novca.', '2023-03-28 16:24:24', 1, NULL, '92.244.136.251', 'Belgrade', 'Serbia');
INSERT INTO `dnevnik` VALUES (7133, 'https://localhost:3000/korisnik/pregledRacuni', 'Pregled računa, početna stranica', '2023-03-28 16:24:24', 1, NULL, '92.244.136.251', 'Belgrade', 'Serbia');
INSERT INTO `dnevnik` VALUES (7134, 'https://localhost:3000/pregledTransakcija/1', 'Korisnik pristupio pregledu transakcija.', '2023-03-28 16:24:25', 1, NULL, '92.244.136.251', 'Belgrade', 'Serbia');
INSERT INTO `dnevnik` VALUES (7135, 'https://localhost:3000/transakcija', 'Korisnik pristupio stranici za prenos novca.', '2023-03-28 16:26:52', 1, NULL, '92.244.136.251', 'Belgrade', 'Serbia');
INSERT INTO `dnevnik` VALUES (7136, 'https://localhost:3000/transakcija', 'Korisnik izvršio transakciju.', '2023-03-28 16:27:13', 1, NULL, '92.244.136.251', 'Belgrade', 'Serbia');
INSERT INTO `dnevnik` VALUES (7137, 'https://localhost:3000/korisnik/pregledRacuni', 'Korisnik zatvorio stranicu za prenos novca.', '2023-03-28 16:27:13', 1, NULL, '92.244.136.251', 'Belgrade', 'Serbia');
INSERT INTO `dnevnik` VALUES (7138, 'https://localhost:3000/korisnik/pregledRacuni', 'Pregled računa, početna stranica', '2023-03-28 16:27:13', 1, NULL, '92.244.136.251', 'Belgrade', 'Serbia');
INSERT INTO `dnevnik` VALUES (7139, 'https://localhost:3000/pregledTransakcija/1', 'Korisnik pristupio pregledu transakcija.', '2023-03-28 16:27:47', 1, NULL, '92.244.136.251', 'Belgrade', 'Serbia');
INSERT INTO `dnevnik` VALUES (7140, 'https://localhost:3000/korisnik/pregledRacuni', 'Pregled računa, početna stranica', '2023-03-28 16:27:57', 1, NULL, '92.244.136.251', 'Belgrade', 'Serbia');
INSERT INTO `dnevnik` VALUES (7141, 'https://localhost:3000/pregledTransakcija/1', 'Korisnik pristupio pregledu transakcija.', '2023-03-28 16:28:36', 1, NULL, '92.244.136.251', 'Belgrade', 'Serbia');
INSERT INTO `dnevnik` VALUES (7142, 'https://localhost:3000/korisnik/pregledRacuni', 'Pregled računa, početna stranica', '2023-03-28 16:28:48', 1, NULL, '92.244.136.251', 'Belgrade', 'Serbia');

-- ----------------------------
-- Table structure for korisnik
-- ----------------------------
DROP TABLE IF EXISTS `korisnik`;
CREATE TABLE `korisnik`  (
  `korisnik_id` int(10) UNSIGNED NOT NULL AUTO_INCREMENT,
  `ime` varchar(150) CHARACTER SET utf8 COLLATE utf8_unicode_ci NOT NULL,
  `prezime` varchar(150) CHARACTER SET utf8 COLLATE utf8_unicode_ci NOT NULL,
  `username` varchar(100) CHARACTER SET utf8 COLLATE utf8_unicode_ci NOT NULL,
  `password_hash` varchar(255) CHARACTER SET utf8 COLLATE utf8_unicode_ci NOT NULL,
  `jmbg` varchar(13) CHARACTER SET utf8 COLLATE utf8_unicode_ci NOT NULL,
  `br_telefona` varchar(11) CHARACTER SET utf8 COLLATE utf8_unicode_ci NOT NULL,
  `br_licne_karte` varchar(12) CHARACTER SET utf8 COLLATE utf8_unicode_ci NOT NULL,
  `email` varchar(240) CHARACTER SET utf8 COLLATE utf8_unicode_ci NOT NULL,
  `is_aktivan` tinyint(1) NOT NULL,
  `is_prva_prijava` tinyint(1) NOT NULL,
  `mesto_rodjenja` varchar(150) CHARACTER SET utf8 COLLATE utf8_unicode_ci NOT NULL,
  `opstina_rodjenja` varchar(150) CHARACTER SET utf8 COLLATE utf8_unicode_ci NOT NULL,
  `drzava_rodjenja` varchar(150) CHARACTER SET utf8 COLLATE utf8_unicode_ci NOT NULL,
  `datum_rodjenja` date NULL DEFAULT NULL,
  `ulica_prebivalista` varchar(150) CHARACTER SET utf8 COLLATE utf8_unicode_ci NOT NULL,
  `mesto_prebivalista` varchar(150) CHARACTER SET utf8 COLLATE utf8_unicode_ci NOT NULL,
  `broj_prebivalista` varchar(5) CHARACTER SET utf8 COLLATE utf8_unicode_ci NOT NULL,
  `datum_kreiranja` date NOT NULL,
  `datum_brisanja` date NULL DEFAULT NULL,
  PRIMARY KEY (`korisnik_id`) USING BTREE,
  UNIQUE INDEX `uq_korisnik_username`(`username`) USING BTREE,
  UNIQUE INDEX `uq_korisnik_jmbg`(`jmbg`) USING BTREE,
  UNIQUE INDEX `uq_korisnik_br_licne_karte`(`br_licne_karte`) USING BTREE
) ENGINE = InnoDB AUTO_INCREMENT = 57006 CHARACTER SET = utf8 COLLATE = utf8_unicode_ci ROW_FORMAT = Dynamic;

-- ----------------------------
-- Records of korisnik
-- ----------------------------
INSERT INTO `korisnik` VALUES (1, 'Marko', 'Marković', 'mmarkovic', '$2b$11$EX8oSIANly9zeaBtnS0fZu42JOCOjmVFOkJmUWmrzsoNVTBRRkwAO', '2456123456785', '0658520125', '2154598', 'nikola.vidovic.17@singimail.rs', 1, 0, 'Novi Sad', 'Novi Sad', 'Srbija', '2000-12-04', 'Marka Markovića', 'Novi Sad', '52', '2012-01-01', NULL);
INSERT INTO `korisnik` VALUES (2, 'Petar', 'Petrović', 'ppetrovic', '$2b$11$4wLHbVXVVHOMQGzb3CU5qu00zuAC/qhPtJHkdzoWTJnMxsJXNyBP.', '4561234597845', '0625879845', '126489456', 'pera.peric@gmail.com', 1, 1, '', '', '', NULL, '', '', '', '2012-05-10', NULL);
INSERT INTO `korisnik` VALUES (46, 'Nikola', 'Marković', 'NIKOLA9.JOVIC53', '$2b$11$kt1fF.Ayb38OhZjj5H8yUePaAGiEEsDsomRYEzwnUwZ2ZdPwQR2Zu', '8745895201254', '0652701459', '7845654', 'fvdcgb@frsdg.com', 0, 1, 'Novi Sad', 'Novi Sad', 'Srbija', '2000-12-04', 'Jove Jovića', 'Novi Sad', '147', '2012-01-18', NULL);
INSERT INTO `korisnik` VALUES (48, 'Nikola', 'Jović', 'NIKOLA9.JOVIC13', '$2b$11$zrBcI9lwZrK3dbkN1xQk0.eus4qY4r4yYJUfQdMT51i6k2s6F8Gra', '7854120547854', '0652701459', '85202104', 'fvdcgb@frsdg.com', 1, 1, 'Novi Sad', 'Novi Sad', 'Srbija', '1998-02-08', 'Ilije Ilića', 'Novi Sad', '21', '0000-00-00', NULL);
INSERT INTO `korisnik` VALUES (56977, 'Jovica', 'Jović', 'JOVICA0.JOVIC5', '$2b$11$hHBQkv8vSXuQdFKuomsDueAE1pGUjYB6HEkVdOU1zWavyoHeMXLjC', '2108998800148', '0658745841', '7845654021', 'nikola.vidovic.17@singimail.rs', 0, 1, 'Novi Sad', 'Novi Sad', 'Srbija', '1998-05-05', 'Ilije Ilića', 'Novi Sad', '21', '2012-01-01', '2023-02-03');
INSERT INTO `korisnik` VALUES (56979, 'Jovica', 'Jović', 'JOVICA4.JOVIC10', '$2b$11$FntHEUNpQZdy06ybM9Q7VOkqbbteUzOWblDvhL0EYWMqCOV6T2gom', '8745896520125', '0652701459', '7458965', 'fvdcgb@frsdg.com', 0, 1, 'Novi Sad', 'Novi Sad', 'Srbija', '1998-02-05', 'Ilije Ilića', 'Novi Sad', '85', '0000-00-00', NULL);
INSERT INTO `korisnik` VALUES (56980, 'Mirko', 'Jović', 'MIRKO4.JOVIC91', '$2b$11$blGT6hwvS.337CHbA67Wn..NOztS7IFky4YUszWDfywoRNuQtvKQS', '8520123654785', '0652701459', '9856985', 'fvdcgb@frsdg.com', 0, 1, 'Novi Sad', 'Novi Sad', 'Srbija', '1998-05-05', 'Ilije Ilića', 'Novi Sad', '147', '0000-00-00', NULL);
INSERT INTO `korisnik` VALUES (56981, 'Jovana', 'Latinović', 'JOVANA3.LATINOVIC53', '$2b$11$DlQkXymuZBxKt0hFh3Wnj.NVMK7.BPS6w9mZbb/r6Itr2QrBiVwv6', '9854125478965', '0652701459', '4857854', 'fvdcgb@frsdg.com', 0, 1, 'Novi Sad', 'Novi Sad', 'Srbija', '1998-05-05', 'Jove Jovića', 'Novi Sad', '85', '0000-00-00', NULL);
INSERT INTO `korisnik` VALUES (56982, 'Jovica', 'Mirković', 'JOVICA4.MIRKOVIC95', '$2b$11$rICG4o5myUHLFnbZbLdwz.7VY57hFHLEtKNHGrcdl7AMvOu2kky5G', '4587854125478', '0652701459', '521478', 'fvdcgb@frsdg.com', 0, 1, 'Novi Sad', 'Novi Sad', 'Srbija', '1998-05-05', 'Ilije Ilića', 'Novi Sad', '147', '0000-00-00', NULL);
INSERT INTO `korisnik` VALUES (56983, 'Jovana', 'Jović', 'JOVANA2.JOVIC26', '$2b$11$f1ZAQk4GfYLQ6I9KiaJeaOgfGnN/P8/UEOE5NwlMYq.1gbby3FcxC', '8547898541254', '0652701459', '85478524', 'fvdcgb@frsdg.com', 0, 1, 'Novi Sad', 'Novi Sad', 'Srbija', '1998-05-05', 'Ilije Ilića', 'Novi Sad', '85', '0000-00-00', NULL);
INSERT INTO `korisnik` VALUES (56985, 'Mirko', 'Ilić', 'MIRKO3.ILIC57', '$2b$11$ai3xGGYeezy2VyRuCq0XUuEEPYFy9WZmXcgCt.c2gZEpb.GiVQAHW', '7896520365201', '0652701459', '874524', 'fvdcgb@frsdg.com', 0, 1, 'Novi Sad', 'Novi Sad', 'Srbija', '1998-05-05', 'Jove Jovića', 'Novi Sad', '85', '0000-00-00', NULL);
INSERT INTO `korisnik` VALUES (56986, 'Mirko', 'Ilić', 'MIRKO6.ILIC96', '$2b$11$JKTBiQ6o9lh7wVlA0Fx3uuA/9zhx.3UAO0fgXft4xhmip4YublGO6', '7485898520124', '0652701459', '52012547', 'fvdcgb@frsdg.com', 0, 1, 'Novi Sad', 'Novi Sad', 'Srbija', '1998-05-05', 'Jove Jovića', 'Novi Sad', '85', '0000-00-00', NULL);
INSERT INTO `korisnik` VALUES (56987, 'Mirko', 'Ilić', 'MIRKO3.ILIC10', '$2b$11$XIeMjoh4qyurxB.3B72vGOKJilU8Sv3uyNcGS9HDDzWoPEFt6q/l2', '8745852012541', '0652701459', '9856521', 'fvdcgb@frsdg.com', 0, 1, 'Novi Sad', 'Novi Sad', 'Srbija', '1998-05-05', 'Jove Jovića', 'Novi Sad', '85', '0000-00-00', NULL);
INSERT INTO `korisnik` VALUES (56988, 'Mirko', 'Ilić', 'MIRKO5.ILIC26', '$2b$11$C8oKT4CUT.WUep4ADoKE2OYdThewynNKh9/eLL7T1uq3bB2rpeEzy', '8745852012542', '0652701459', '98565218', 'fvdcgb@frsdg.com', 0, 1, 'Novi Sad', 'Novi Sad', 'Srbija', '1998-05-05', 'Jove Jovića', 'Novi Sad', '85', '0000-00-00', NULL);
INSERT INTO `korisnik` VALUES (56989, 'Mirko', 'Ilić', 'MIRKO1.ILIC47', '$2b$11$8EVGyS8WjMP8AP72wpF6L.30tnkKQhXyD6udwtO6vV5gaVd7UAUlG', '8745852012544', '0652701459', '985652187', 'fvdcgb@frsdg.com', 0, 1, 'Novi Sad', 'Novi Sad', 'Srbija', '1998-05-05', 'Jove Jovića', 'Novi Sad', '85', '0000-00-00', NULL);
INSERT INTO `korisnik` VALUES (56990, 'Mirko', 'Mirković', 'MIRKO0.MIRKOVIC85', '$2b$11$uYIZpTaHh3xssdFFLpUBa.MMfGqmWXuibATKzFL.Xl54ZqOS3eILe', '8965201254785', '0652701459', '54125487', 'fvdcgb@frsdg.com', 0, 1, 'Novi Sad', 'Novi Sad', 'Srbija', '1998-01-01', 'Ilije Ilića', 'Novi Sad', '85', '0000-00-00', NULL);
INSERT INTO `korisnik` VALUES (56992, 'Mirko', 'Živković', 'MIRKO4.ZIVKOVIC91', '$2b$11$thnjVmSK0UByhk8kbkVt3ewpcZJbyf7V2TZ8eYgcwOU33sdZctxSa', '0215478569632', '0652701459', '74854125', 'fvdcgb@frsdg.com', 0, 1, 'Novi Sad', 'Novi Sad', 'Srbija', '1998-01-01', 'Jove Jovića', 'Novi Sad', '85', '0000-00-00', NULL);
INSERT INTO `korisnik` VALUES (56993, 'Mirko', 'Mirković', 'MIRKO5.MIRKOVIC25', '$2b$11$p32MVkZdyddMUv3hNZ.dI.3U45xzpLZI1UjyrhFq9K3Ah6sP4Y8ku', '2520125652014', '0652701459', '8547458', 'mmarkovic1@gmail.com', 1, 1, 'Novi Sad', 'Novi Sad', 'Srbija', '1998-01-01', 'Ilije Ilića', 'Novi Sad', '85', '2023-02-03', NULL);
INSERT INTO `korisnik` VALUES (56994, 'Nikola', 'Marković', 'NIKOLA7.MARKOVIC3', '$2b$11$Fd9WuxDAj4A/RL0IFzrJ9.btoaSXbsIhZtx7bi3ZIvwcRpgwbb7aq', '8745895254125', '0652701459', '85478521', 'nikola.vidovic.17@singimail.rs', 0, 1, 'Novi Sad', 'Novi Sad', 'Srbija', '1998-02-02', 'Ilije Ilića', 'Novi Sad', '85', '2023-02-03', NULL);
INSERT INTO `korisnik` VALUES (56995, 'Mirko', 'Ilić', 'MIRKO7.ILIC22', '$2b$11$gCBjm2UZKJz7rnadIhVZgeUp4VpKaJ7XO7WuPT/tcUjeYl4SsL3c.', '7854521254785', '0652701459', '1230254', 'nikola.vidovic.17@singimail.rs', 0, 1, 'Novi Sad', 'Novi Sad', 'Srbija', '1998-02-02', 'Ilije Ilića', 'Novi Sad', '85', '2023-02-03', NULL);
INSERT INTO `korisnik` VALUES (56996, 'fasd', 'Jović', 'FASD9.JOVIC3', '$2b$11$mOMMReDN2WMaqEvYOoF1Gehw.Vi60V4timK9kxCaYp4IS9i9MKgha', '2108998800141', '0652701459', '2547854', 'nikola.vidovic.17@singimail.rs', 0, 1, 'Novi Sad', 'Novi Sad', 'Srbija', '1994-08-08', 'Ilije Ilića', 'Novi Sad', '85', '2023-02-03', NULL);
INSERT INTO `korisnik` VALUES (56997, 'Jovana', 'Marković', 'JOVANA4.MARKOVIC30', '$2b$11$SuG0ZNZBGsTU7GFuJ8PsNeaiglAb41sCZz3CNlJZ.JMI7G53JnVYq', '7896541234570', '0652701459', '7854204', 'nikola.vidovic.17@singimail.rs', 0, 1, 'Novi Sad', 'Novi Sad', 'Srbija', '1995-07-07', 'Jove Jovića', 'Novi Sad', '85', '2023-02-03', NULL);
INSERT INTO `korisnik` VALUES (56998, 'Mirko', 'Jović', 'MIRKO6.JOVIC75', '$2b$11$wQN.KnCuPiidijG.YMyowOsE1UZz6kniYLkhiXg7JKABCHpjKo30G', '7854120547857', '0652701459', '58746451', 'fvdcgb@frsdg.com', 0, 1, 'Novi Sad', 'Novi Sad', 'Srbija', '1998-02-02', 'Ilije Ilića', 'Niš', '85', '2023-02-03', NULL);
INSERT INTO `korisnik` VALUES (56999, 'Jovica', 'Mirković', 'JOVICA8.MIRKOVIC61', '$2b$11$uV6aM3CdkPNasebQFmzu5ONATKiDQKlax21e.OHZS3SK17Ggno3ge', '7896541234573', '0652701459', '7845654874', 'nikola.vidovic.17@singimail.rs', 0, 1, 'Novi Sad', 'Novi Sad', 'Srbija', '1991-01-01', 'Ilije Ilića', 'Novi Sad', '85', '2023-02-03', NULL);
INSERT INTO `korisnik` VALUES (57003, 'Jovica', 'Ilić', 'JOVICA0.ILIC34', '$2b$11$GDGyiAYSbWlxMm30TFYS5./680lmYQdfgDS5PLdgh3a5/CRomlkx2', '7854120235210', '0652701459', '74858954', 'fvdcgb@frsdg.com', 0, 1, 'Novi Sad', 'Novi Sad', 'Srbija', '1998-07-07', 'Ilije Ilića', 'Novi Sad', '85', '2023-02-06', '2023-02-06');
INSERT INTO `korisnik` VALUES (57004, 'Nikola', 'Marković', 'NIKOLA7.MARKOVIC1', '$2b$11$Jx08IhS1gKhTWALQ9UWMK.jIgSpAkswcZTSi1yX3r/nCXNPppY/s6', '7854125201245', '0652701459', '85478545', 'fvdcgb@frsdg.com', 1, 1, 'Novi Sad', 'Novi Sad', 'Srbija', '1995-01-01', 'Ilije Ilića', 'Novi Sad', '85', '2023-02-02', NULL);
INSERT INTO `korisnik` VALUES (57005, 'Jovica', 'Mirković', 'JOVICA8.MIRKOVIC35', '$2b$11$Eg641Fx8JeE4havoohAZW.qYes6FJrnVf5AG29aoqHHVzSEB7lQH6', '8596320210214', '0652701459', '9658745', 'fvdcgb@frsdg.com', 1, 1, 'Novi Sad', 'Novi Sad', 'Srbija', '1995-02-02', 'Ilije Ilića', 'Novi Sad', '85', '2023-02-02', NULL);

-- ----------------------------
-- Table structure for racun
-- ----------------------------
DROP TABLE IF EXISTS `racun`;
CREATE TABLE `racun`  (
  `racun_id` int(10) UNSIGNED NOT NULL AUTO_INCREMENT,
  `br_racuna` varchar(255) CHARACTER SET utf8 COLLATE utf8_unicode_ci NOT NULL,
  `tip` varchar(50) CHARACTER SET utf8 COLLATE utf8_unicode_ci NOT NULL,
  `svrha` varchar(255) CHARACTER SET utf8 COLLATE utf8_unicode_ci NOT NULL,
  `is_aktivan` tinyint(1) NOT NULL,
  `korisnik_id` int(10) UNSIGNED NOT NULL,
  PRIMARY KEY (`racun_id`) USING BTREE,
  UNIQUE INDEX `uq_racun_br_racuna`(`br_racuna`) USING BTREE,
  INDEX `fk_racun_korisnik_korisnik_id`(`korisnik_id`) USING BTREE,
  CONSTRAINT `fk_racun_korisnik_korisnik_id` FOREIGN KEY (`korisnik_id`) REFERENCES `korisnik` (`korisnik_id`) ON DELETE CASCADE ON UPDATE RESTRICT
) ENGINE = InnoDB AUTO_INCREMENT = 313 CHARACTER SET = utf8 COLLATE = utf8_unicode_ci ROW_FORMAT = Dynamic;

-- ----------------------------
-- Records of racun
-- ----------------------------
INSERT INTO `racun` VALUES (1, '456748945125', 'dinarski', 'svrha', 1, 1);
INSERT INTO `racun` VALUES (2, '456789787845', 'dinarski', 'svrha', 1, 2);
INSERT INTO `racun` VALUES (3, '7894564512657', 'devizni', 'svrha', 1, 1);
INSERT INTO `racun` VALUES (305, '151678890381020200', 'dinarski', 'svrha', 1, 56993);
INSERT INTO `racun` VALUES (306, '1516788922706756757', 'dinarski', 'svrha', 1, 56977);
INSERT INTO `racun` VALUES (307, '1816791519314924924', 'dinarski', 'svrha', 0, 57003);
INSERT INTO `racun` VALUES (308, '2116794188942532536', 'devizni', 'svrha', 1, 57004);
INSERT INTO `racun` VALUES (309, '221679492695037374', 'dinarski', 'svrha', 1, 1);
INSERT INTO `racun` VALUES (310, '2216794931734884888', 'devizni', 'svrha', 1, 1);
INSERT INTO `racun` VALUES (312, '281680008622022223', 'devizni', 'svrha', 1, 57005);

-- ----------------------------
-- Table structure for racun_transakcija
-- ----------------------------
DROP TABLE IF EXISTS `racun_transakcija`;
CREATE TABLE `racun_transakcija`  (
  `racun_transakcija_id` int(10) UNSIGNED NOT NULL AUTO_INCREMENT,
  `transakcija_id` int(10) UNSIGNED NOT NULL,
  `racun_id` int(10) UNSIGNED NOT NULL,
  `tip` varchar(50) CHARACTER SET utf8 COLLATE utf8_unicode_ci NOT NULL,
  PRIMARY KEY (`racun_transakcija_id`) USING BTREE,
  INDEX `fk_racun_transakcija_transakcija_transakcija_id`(`transakcija_id`) USING BTREE,
  INDEX `fk_racun_transakcija_racun_racun_id`(`racun_id`) USING BTREE,
  CONSTRAINT `fk_racun_transakcija_racun_racun_id` FOREIGN KEY (`racun_id`) REFERENCES `racun` (`racun_id`) ON DELETE RESTRICT ON UPDATE CASCADE,
  CONSTRAINT `fk_racun_transakcija_transakcija_transakcija_id` FOREIGN KEY (`transakcija_id`) REFERENCES `transakcija` (`transakcija_id`) ON DELETE RESTRICT ON UPDATE CASCADE
) ENGINE = InnoDB AUTO_INCREMENT = 746 CHARACTER SET = utf8 COLLATE = utf8_unicode_ci ROW_FORMAT = Dynamic;

-- ----------------------------
-- Records of racun_transakcija
-- ----------------------------
INSERT INTO `racun_transakcija` VALUES (259, 152, 1, 'isplata');
INSERT INTO `racun_transakcija` VALUES (260, 152, 2, 'uplata');
INSERT INTO `racun_transakcija` VALUES (261, 153, 1, 'isplata');
INSERT INTO `racun_transakcija` VALUES (262, 153, 2, 'uplata');
INSERT INTO `racun_transakcija` VALUES (263, 154, 1, 'isplata');
INSERT INTO `racun_transakcija` VALUES (264, 154, 2, 'uplata');
INSERT INTO `racun_transakcija` VALUES (265, 155, 1, 'isplata');
INSERT INTO `racun_transakcija` VALUES (266, 155, 2, 'uplata');
INSERT INTO `racun_transakcija` VALUES (267, 156, 1, 'isplata');
INSERT INTO `racun_transakcija` VALUES (268, 156, 2, 'uplata');
INSERT INTO `racun_transakcija` VALUES (269, 157, 1, 'menjačnica');
INSERT INTO `racun_transakcija` VALUES (270, 157, 3, 'menjačnica');
INSERT INTO `racun_transakcija` VALUES (271, 158, 3, 'menjačnica');
INSERT INTO `racun_transakcija` VALUES (272, 158, 1, 'menjačnica');
INSERT INTO `racun_transakcija` VALUES (273, 159, 1, 'isplata');
INSERT INTO `racun_transakcija` VALUES (274, 159, 2, 'uplata');
INSERT INTO `racun_transakcija` VALUES (275, 160, 1, 'isplata');
INSERT INTO `racun_transakcija` VALUES (276, 160, 1, 'uplata');
INSERT INTO `racun_transakcija` VALUES (277, 161, 1, 'isplata');
INSERT INTO `racun_transakcija` VALUES (278, 161, 1, 'uplata');
INSERT INTO `racun_transakcija` VALUES (279, 162, 1, 'isplata');
INSERT INTO `racun_transakcija` VALUES (280, 162, 2, 'uplata');
INSERT INTO `racun_transakcija` VALUES (281, 163, 1, 'isplata');
INSERT INTO `racun_transakcija` VALUES (282, 163, 1, 'uplata');
INSERT INTO `racun_transakcija` VALUES (283, 164, 1, 'isplata');
INSERT INTO `racun_transakcija` VALUES (284, 164, 2, 'uplata');
INSERT INTO `racun_transakcija` VALUES (285, 165, 1, 'isplata');
INSERT INTO `racun_transakcija` VALUES (286, 165, 2, 'uplata');
INSERT INTO `racun_transakcija` VALUES (287, 166, 1, 'isplata');
INSERT INTO `racun_transakcija` VALUES (288, 166, 2, 'uplata');
INSERT INTO `racun_transakcija` VALUES (289, 167, 1, 'isplata');
INSERT INTO `racun_transakcija` VALUES (290, 167, 2, 'uplata');
INSERT INTO `racun_transakcija` VALUES (291, 168, 1, 'isplata');
INSERT INTO `racun_transakcija` VALUES (292, 168, 2, 'uplata');
INSERT INTO `racun_transakcija` VALUES (293, 169, 1, 'isplata');
INSERT INTO `racun_transakcija` VALUES (294, 169, 2, 'uplata');
INSERT INTO `racun_transakcija` VALUES (295, 170, 1, 'isplata');
INSERT INTO `racun_transakcija` VALUES (296, 170, 2, 'uplata');
INSERT INTO `racun_transakcija` VALUES (297, 171, 1, 'isplata');
INSERT INTO `racun_transakcija` VALUES (298, 171, 2, 'uplata');
INSERT INTO `racun_transakcija` VALUES (299, 172, 1, 'isplata');
INSERT INTO `racun_transakcija` VALUES (300, 172, 2, 'uplata');
INSERT INTO `racun_transakcija` VALUES (301, 173, 1, 'isplata');
INSERT INTO `racun_transakcija` VALUES (302, 173, 2, 'uplata');
INSERT INTO `racun_transakcija` VALUES (303, 174, 1, 'isplata');
INSERT INTO `racun_transakcija` VALUES (304, 174, 2, 'uplata');
INSERT INTO `racun_transakcija` VALUES (305, 175, 1, 'isplata');
INSERT INTO `racun_transakcija` VALUES (306, 175, 2, 'uplata');
INSERT INTO `racun_transakcija` VALUES (307, 176, 1, 'isplata');
INSERT INTO `racun_transakcija` VALUES (308, 176, 2, 'uplata');
INSERT INTO `racun_transakcija` VALUES (309, 177, 1, 'isplata');
INSERT INTO `racun_transakcija` VALUES (310, 177, 2, 'uplata');
INSERT INTO `racun_transakcija` VALUES (311, 178, 3, 'isplata');
INSERT INTO `racun_transakcija` VALUES (313, 179, 1, 'menjačnica');
INSERT INTO `racun_transakcija` VALUES (314, 179, 3, 'menjačnica');
INSERT INTO `racun_transakcija` VALUES (315, 180, 3, 'menjačnica');
INSERT INTO `racun_transakcija` VALUES (316, 180, 1, 'menjačnica');
INSERT INTO `racun_transakcija` VALUES (317, 181, 1, 'isplata');
INSERT INTO `racun_transakcija` VALUES (318, 181, 2, 'uplata');
INSERT INTO `racun_transakcija` VALUES (319, 182, 1, 'menjačnica');
INSERT INTO `racun_transakcija` VALUES (320, 182, 3, 'menjačnica');
INSERT INTO `racun_transakcija` VALUES (321, 183, 1, 'menjačnica');
INSERT INTO `racun_transakcija` VALUES (322, 183, 3, 'menjačnica');
INSERT INTO `racun_transakcija` VALUES (323, 184, 3, 'menjačnica');
INSERT INTO `racun_transakcija` VALUES (324, 184, 1, 'menjačnica');
INSERT INTO `racun_transakcija` VALUES (325, 185, 3, 'menjačnica');
INSERT INTO `racun_transakcija` VALUES (326, 185, 1, 'menjačnica');
INSERT INTO `racun_transakcija` VALUES (327, 186, 3, 'menjačnica');
INSERT INTO `racun_transakcija` VALUES (328, 186, 1, 'menjačnica');
INSERT INTO `racun_transakcija` VALUES (329, 187, 3, 'menjačnica');
INSERT INTO `racun_transakcija` VALUES (330, 187, 1, 'menjačnica');
INSERT INTO `racun_transakcija` VALUES (331, 188, 1, 'menjačnica');
INSERT INTO `racun_transakcija` VALUES (332, 188, 3, 'menjačnica');
INSERT INTO `racun_transakcija` VALUES (333, 189, 1, 'menjačnica');
INSERT INTO `racun_transakcija` VALUES (334, 189, 3, 'menjačnica');
INSERT INTO `racun_transakcija` VALUES (335, 190, 3, 'menjačnica');
INSERT INTO `racun_transakcija` VALUES (336, 190, 1, 'menjačnica');
INSERT INTO `racun_transakcija` VALUES (337, 191, 1, 'menjačnica');
INSERT INTO `racun_transakcija` VALUES (338, 191, 3, 'menjačnica');
INSERT INTO `racun_transakcija` VALUES (339, 192, 3, 'menjačnica');
INSERT INTO `racun_transakcija` VALUES (340, 192, 1, 'menjačnica');
INSERT INTO `racun_transakcija` VALUES (341, 193, 1, 'menjačnica');
INSERT INTO `racun_transakcija` VALUES (342, 193, 3, 'menjačnica');
INSERT INTO `racun_transakcija` VALUES (343, 194, 1, 'menjačnica');
INSERT INTO `racun_transakcija` VALUES (344, 194, 3, 'menjačnica');
INSERT INTO `racun_transakcija` VALUES (355, 200, 1, 'menjačnica');
INSERT INTO `racun_transakcija` VALUES (356, 200, 3, 'menjačnica');
INSERT INTO `racun_transakcija` VALUES (359, 202, 1, 'menjačnica');
INSERT INTO `racun_transakcija` VALUES (360, 202, 3, 'menjačnica');
INSERT INTO `racun_transakcija` VALUES (361, 203, 1, 'menjačnica');
INSERT INTO `racun_transakcija` VALUES (362, 203, 3, 'menjačnica');
INSERT INTO `racun_transakcija` VALUES (363, 204, 1, 'menjačnica');
INSERT INTO `racun_transakcija` VALUES (364, 204, 3, 'menjačnica');
INSERT INTO `racun_transakcija` VALUES (365, 205, 3, 'menjačnica');
INSERT INTO `racun_transakcija` VALUES (366, 205, 1, 'menjačnica');
INSERT INTO `racun_transakcija` VALUES (367, 206, 3, 'menjačnica');
INSERT INTO `racun_transakcija` VALUES (368, 206, 1, 'menjačnica');
INSERT INTO `racun_transakcija` VALUES (369, 207, 1, 'isplata');
INSERT INTO `racun_transakcija` VALUES (370, 207, 2, 'uplata');
INSERT INTO `racun_transakcija` VALUES (371, 208, 1, 'isplata');
INSERT INTO `racun_transakcija` VALUES (372, 208, 2, 'uplata');
INSERT INTO `racun_transakcija` VALUES (373, 209, 1, 'isplata');
INSERT INTO `racun_transakcija` VALUES (374, 209, 2, 'uplata');
INSERT INTO `racun_transakcija` VALUES (377, 211, 1, 'isplata');
INSERT INTO `racun_transakcija` VALUES (378, 211, 2, 'uplata');
INSERT INTO `racun_transakcija` VALUES (380, 213, 1, 'isplata');
INSERT INTO `racun_transakcija` VALUES (381, 213, 2, 'uplata');
INSERT INTO `racun_transakcija` VALUES (382, 214, 1, 'isplata');
INSERT INTO `racun_transakcija` VALUES (383, 214, 2, 'uplata');
INSERT INTO `racun_transakcija` VALUES (384, 215, 1, 'isplata');
INSERT INTO `racun_transakcija` VALUES (385, 215, 2, 'uplata');
INSERT INTO `racun_transakcija` VALUES (386, 216, 1, 'menjačnica');
INSERT INTO `racun_transakcija` VALUES (387, 216, 3, 'menjačnica');
INSERT INTO `racun_transakcija` VALUES (388, 217, 1, 'menjačnica - isplata');
INSERT INTO `racun_transakcija` VALUES (389, 217, 3, 'menjačnica - uplata');
INSERT INTO `racun_transakcija` VALUES (390, 218, 3, 'menjačnica - isplata');
INSERT INTO `racun_transakcija` VALUES (391, 218, 1, 'menjačnica - uplata');
INSERT INTO `racun_transakcija` VALUES (392, 219, 1, 'isplata');
INSERT INTO `racun_transakcija` VALUES (394, 220, 1, 'isplata');
INSERT INTO `racun_transakcija` VALUES (396, 221, 1, 'isplata');
INSERT INTO `racun_transakcija` VALUES (397, 221, 2, 'uplata');
INSERT INTO `racun_transakcija` VALUES (398, 222, 1, 'isplata');
INSERT INTO `racun_transakcija` VALUES (400, 223, 1, 'isplata');
INSERT INTO `racun_transakcija` VALUES (402, 280, 1, 'isplata');
INSERT INTO `racun_transakcija` VALUES (403, 280, 2, 'uplata');
INSERT INTO `racun_transakcija` VALUES (404, 294, 1, 'Banka - isplata');
INSERT INTO `racun_transakcija` VALUES (405, 295, 1, 'Banka - isplata');
INSERT INTO `racun_transakcija` VALUES (406, 296, 1, 'isplata');
INSERT INTO `racun_transakcija` VALUES (407, 296, 2, 'uplata');
INSERT INTO `racun_transakcija` VALUES (408, 297, 1, 'Banka - isplata');
INSERT INTO `racun_transakcija` VALUES (409, 298, 1, 'Banka - isplata');
INSERT INTO `racun_transakcija` VALUES (410, 299, 1, 'Banka - isplata');
INSERT INTO `racun_transakcija` VALUES (411, 300, 1, 'Banka - isplata');
INSERT INTO `racun_transakcija` VALUES (412, 301, 1, 'Banka - isplata');
INSERT INTO `racun_transakcija` VALUES (413, 302, 1, 'Banka - isplata');
INSERT INTO `racun_transakcija` VALUES (414, 303, 1, 'Banka - isplata');
INSERT INTO `racun_transakcija` VALUES (415, 304, 1, 'Banka - isplata');
INSERT INTO `racun_transakcija` VALUES (416, 305, 1, 'Banka - isplata');
INSERT INTO `racun_transakcija` VALUES (417, 306, 1, 'Banka - isplata');
INSERT INTO `racun_transakcija` VALUES (418, 307, 1, 'Banka - isplata');
INSERT INTO `racun_transakcija` VALUES (419, 308, 1, 'Banka - isplata');
INSERT INTO `racun_transakcija` VALUES (420, 309, 1, 'Banka - isplata');
INSERT INTO `racun_transakcija` VALUES (421, 310, 1, 'Banka - isplata');
INSERT INTO `racun_transakcija` VALUES (422, 311, 1, 'isplata');
INSERT INTO `racun_transakcija` VALUES (423, 311, 2, 'uplata');
INSERT INTO `racun_transakcija` VALUES (424, 312, 1, 'isplata');
INSERT INTO `racun_transakcija` VALUES (425, 312, 2, 'uplata');
INSERT INTO `racun_transakcija` VALUES (426, 313, 1, 'Banka - isplata');
INSERT INTO `racun_transakcija` VALUES (427, 314, 1, 'Banka - isplata');
INSERT INTO `racun_transakcija` VALUES (428, 315, 1, 'Banka - isplata');
INSERT INTO `racun_transakcija` VALUES (429, 316, 1, 'Banka - isplata');
INSERT INTO `racun_transakcija` VALUES (430, 317, 1, 'Banka - isplata');
INSERT INTO `racun_transakcija` VALUES (431, 318, 1, 'Banka - isplata');
INSERT INTO `racun_transakcija` VALUES (432, 319, 1, 'Banka - isplata');
INSERT INTO `racun_transakcija` VALUES (433, 320, 1, 'Banka - isplata');
INSERT INTO `racun_transakcija` VALUES (434, 321, 1, 'Banka - isplata');
INSERT INTO `racun_transakcija` VALUES (435, 322, 1, 'Banka - isplata');
INSERT INTO `racun_transakcija` VALUES (436, 323, 1, 'Banka - isplata');
INSERT INTO `racun_transakcija` VALUES (437, 324, 1, 'Banka - isplata');
INSERT INTO `racun_transakcija` VALUES (438, 325, 1, 'Banka - isplata zatvaranje računa');
INSERT INTO `racun_transakcija` VALUES (439, 326, 1, 'Banka - isplata zatvaranje računa');
INSERT INTO `racun_transakcija` VALUES (440, 327, 1, 'Banka - isplata zatvaranje računa');
INSERT INTO `racun_transakcija` VALUES (441, 328, 3, 'Banka - isplata zatvaranje računa');
INSERT INTO `racun_transakcija` VALUES (442, 329, 3, 'Banka - isplata zatvaranje računa');
INSERT INTO `racun_transakcija` VALUES (443, 330, 1, 'Banka - isplata zatvaranje računa');
INSERT INTO `racun_transakcija` VALUES (444, 331, 1, 'Banka - isplata zatvaranje računa');
INSERT INTO `racun_transakcija` VALUES (445, 332, 1, 'Banka - isplata zatvaranje računa');
INSERT INTO `racun_transakcija` VALUES (446, 333, 3, 'Banka - isplata zatvaranje računa');
INSERT INTO `racun_transakcija` VALUES (447, 334, 3, 'Banka - isplata zatvaranje računa');
INSERT INTO `racun_transakcija` VALUES (448, 335, 3, 'Banka - isplata zatvaranje računa');
INSERT INTO `racun_transakcija` VALUES (449, 336, 3, 'Banka - isplata zatvaranje računa');
INSERT INTO `racun_transakcija` VALUES (450, 337, 1, 'menjačnica - isplata');
INSERT INTO `racun_transakcija` VALUES (451, 337, 3, 'menjačnica - uplata');
INSERT INTO `racun_transakcija` VALUES (452, 338, 1, 'menjačnica - isplata');
INSERT INTO `racun_transakcija` VALUES (453, 338, 3, 'menjačnica - uplata');
INSERT INTO `racun_transakcija` VALUES (454, 339, 1, 'isplata');
INSERT INTO `racun_transakcija` VALUES (455, 339, 2, 'uplata');
INSERT INTO `racun_transakcija` VALUES (456, 340, 1, 'isplata');
INSERT INTO `racun_transakcija` VALUES (457, 340, 2, 'uplata');
INSERT INTO `racun_transakcija` VALUES (458, 341, 1, 'isplata');
INSERT INTO `racun_transakcija` VALUES (459, 341, 2, 'uplata');
INSERT INTO `racun_transakcija` VALUES (460, 342, 1, 'isplata');
INSERT INTO `racun_transakcija` VALUES (461, 342, 2, 'uplata');
INSERT INTO `racun_transakcija` VALUES (462, 343, 1, 'isplata');
INSERT INTO `racun_transakcija` VALUES (463, 343, 2, 'uplata');
INSERT INTO `racun_transakcija` VALUES (464, 344, 1, 'isplata');
INSERT INTO `racun_transakcija` VALUES (465, 344, 2, 'uplata');
INSERT INTO `racun_transakcija` VALUES (466, 345, 1, 'isplata');
INSERT INTO `racun_transakcija` VALUES (467, 345, 2, 'uplata');
INSERT INTO `racun_transakcija` VALUES (468, 346, 1, 'isplata');
INSERT INTO `racun_transakcija` VALUES (469, 346, 2, 'uplata');
INSERT INTO `racun_transakcija` VALUES (470, 347, 1, 'isplata');
INSERT INTO `racun_transakcija` VALUES (471, 347, 2, 'uplata');
INSERT INTO `racun_transakcija` VALUES (472, 348, 1, 'isplata');
INSERT INTO `racun_transakcija` VALUES (473, 348, 2, 'uplata');
INSERT INTO `racun_transakcija` VALUES (474, 349, 1, 'isplata');
INSERT INTO `racun_transakcija` VALUES (475, 349, 2, 'uplata');
INSERT INTO `racun_transakcija` VALUES (476, 350, 1, 'isplata');
INSERT INTO `racun_transakcija` VALUES (477, 350, 2, 'uplata');
INSERT INTO `racun_transakcija` VALUES (478, 351, 1, 'isplata');
INSERT INTO `racun_transakcija` VALUES (479, 351, 2, 'uplata');
INSERT INTO `racun_transakcija` VALUES (480, 352, 1, 'isplata');
INSERT INTO `racun_transakcija` VALUES (481, 352, 2, 'uplata');
INSERT INTO `racun_transakcija` VALUES (482, 353, 1, 'isplata');
INSERT INTO `racun_transakcija` VALUES (483, 353, 2, 'uplata');
INSERT INTO `racun_transakcija` VALUES (484, 354, 1, 'isplata');
INSERT INTO `racun_transakcija` VALUES (485, 354, 2, 'uplata');
INSERT INTO `racun_transakcija` VALUES (486, 355, 1, 'isplata');
INSERT INTO `racun_transakcija` VALUES (487, 355, 2, 'uplata');
INSERT INTO `racun_transakcija` VALUES (488, 356, 1, 'isplata');
INSERT INTO `racun_transakcija` VALUES (489, 356, 2, 'uplata');
INSERT INTO `racun_transakcija` VALUES (490, 357, 1, 'isplata');
INSERT INTO `racun_transakcija` VALUES (491, 357, 2, 'uplata');
INSERT INTO `racun_transakcija` VALUES (492, 358, 1, 'isplata');
INSERT INTO `racun_transakcija` VALUES (493, 358, 2, 'uplata');
INSERT INTO `racun_transakcija` VALUES (494, 359, 1, 'isplata');
INSERT INTO `racun_transakcija` VALUES (495, 359, 2, 'uplata');
INSERT INTO `racun_transakcija` VALUES (496, 360, 1, 'isplata');
INSERT INTO `racun_transakcija` VALUES (497, 360, 2, 'uplata');
INSERT INTO `racun_transakcija` VALUES (498, 361, 1, 'isplata');
INSERT INTO `racun_transakcija` VALUES (499, 361, 2, 'uplata');
INSERT INTO `racun_transakcija` VALUES (500, 362, 1, 'isplata');
INSERT INTO `racun_transakcija` VALUES (501, 362, 2, 'uplata');
INSERT INTO `racun_transakcija` VALUES (502, 363, 1, 'isplata');
INSERT INTO `racun_transakcija` VALUES (503, 363, 2, 'uplata');
INSERT INTO `racun_transakcija` VALUES (504, 364, 1, 'isplata');
INSERT INTO `racun_transakcija` VALUES (505, 364, 2, 'uplata');
INSERT INTO `racun_transakcija` VALUES (506, 365, 1, 'isplata');
INSERT INTO `racun_transakcija` VALUES (507, 365, 2, 'uplata');
INSERT INTO `racun_transakcija` VALUES (508, 366, 1, 'isplata');
INSERT INTO `racun_transakcija` VALUES (509, 366, 2, 'uplata');
INSERT INTO `racun_transakcija` VALUES (510, 367, 1, 'isplata');
INSERT INTO `racun_transakcija` VALUES (511, 367, 2, 'uplata');
INSERT INTO `racun_transakcija` VALUES (512, 368, 1, 'isplata');
INSERT INTO `racun_transakcija` VALUES (513, 368, 2, 'uplata');
INSERT INTO `racun_transakcija` VALUES (514, 369, 1, 'isplata');
INSERT INTO `racun_transakcija` VALUES (515, 369, 2, 'uplata');
INSERT INTO `racun_transakcija` VALUES (516, 370, 1, 'isplata');
INSERT INTO `racun_transakcija` VALUES (517, 370, 2, 'uplata');
INSERT INTO `racun_transakcija` VALUES (518, 371, 1, 'isplata');
INSERT INTO `racun_transakcija` VALUES (519, 371, 2, 'uplata');
INSERT INTO `racun_transakcija` VALUES (520, 372, 1, 'menjačnica - isplata');
INSERT INTO `racun_transakcija` VALUES (521, 372, 3, 'menjačnica - uplata');
INSERT INTO `racun_transakcija` VALUES (522, 373, 1, 'isplata');
INSERT INTO `racun_transakcija` VALUES (523, 373, 2, 'uplata');
INSERT INTO `racun_transakcija` VALUES (524, 374, 2, 'Banka - isplata');
INSERT INTO `racun_transakcija` VALUES (525, 375, 3, 'isplata');
INSERT INTO `racun_transakcija` VALUES (527, 376, 3, 'isplata');
INSERT INTO `racun_transakcija` VALUES (529, 377, 2, 'menjačnica - isplata');
INSERT INTO `racun_transakcija` VALUES (531, 378, 2, 'menjačnica - isplata');
INSERT INTO `racun_transakcija` VALUES (534, 379, 2, 'menjačnica - uplata');
INSERT INTO `racun_transakcija` VALUES (536, 380, 2, 'menjačnica - uplata');
INSERT INTO `racun_transakcija` VALUES (537, 381, 1, 'isplata');
INSERT INTO `racun_transakcija` VALUES (538, 381, 2, 'uplata');
INSERT INTO `racun_transakcija` VALUES (539, 382, 1, 'isplata');
INSERT INTO `racun_transakcija` VALUES (540, 382, 2, 'uplata');
INSERT INTO `racun_transakcija` VALUES (541, 383, 1, 'menjačnica - isplata');
INSERT INTO `racun_transakcija` VALUES (542, 383, 3, 'menjačnica - uplata');
INSERT INTO `racun_transakcija` VALUES (543, 384, 1, 'menjačnica - isplata');
INSERT INTO `racun_transakcija` VALUES (544, 384, 3, 'menjačnica - uplata');
INSERT INTO `racun_transakcija` VALUES (545, 385, 3, 'menjačnica - isplata');
INSERT INTO `racun_transakcija` VALUES (546, 385, 1, 'menjačnica - uplata');
INSERT INTO `racun_transakcija` VALUES (547, 386, 3, 'menjačnica - isplata');
INSERT INTO `racun_transakcija` VALUES (548, 386, 1, 'menjačnica - uplata');
INSERT INTO `racun_transakcija` VALUES (549, 387, 3, 'menjačnica - isplata');
INSERT INTO `racun_transakcija` VALUES (550, 387, 1, 'menjačnica - uplata');
INSERT INTO `racun_transakcija` VALUES (551, 388, 3, 'menjačnica - isplata');
INSERT INTO `racun_transakcija` VALUES (552, 388, 1, 'menjačnica - uplata');
INSERT INTO `racun_transakcija` VALUES (553, 389, 3, 'menjačnica - isplata');
INSERT INTO `racun_transakcija` VALUES (554, 389, 1, 'menjačnica - uplata');
INSERT INTO `racun_transakcija` VALUES (555, 390, 1, 'Banka - isplata');
INSERT INTO `racun_transakcija` VALUES (556, 391, 3, 'Banka - isplata');
INSERT INTO `racun_transakcija` VALUES (557, 392, 3, 'Banka - isplata');
INSERT INTO `racun_transakcija` VALUES (558, 393, 3, 'Banka - isplata');
INSERT INTO `racun_transakcija` VALUES (559, 394, 1, 'Banka - isplata');
INSERT INTO `racun_transakcija` VALUES (560, 395, 1, 'Banka - isplata');
INSERT INTO `racun_transakcija` VALUES (561, 396, 1, 'Banka - isplata');
INSERT INTO `racun_transakcija` VALUES (562, 397, 1, 'Banka - isplata');
INSERT INTO `racun_transakcija` VALUES (563, 398, 1, 'Banka - isplata');
INSERT INTO `racun_transakcija` VALUES (564, 399, 1, 'Banka - isplata');
INSERT INTO `racun_transakcija` VALUES (565, 400, 1, 'Banka - isplata');
INSERT INTO `racun_transakcija` VALUES (566, 401, 1, 'Banka - isplata');
INSERT INTO `racun_transakcija` VALUES (567, 402, 1, 'Banka - isplata');
INSERT INTO `racun_transakcija` VALUES (568, 403, 1, 'Banka - isplata');
INSERT INTO `racun_transakcija` VALUES (569, 404, 1, 'Banka - isplata');
INSERT INTO `racun_transakcija` VALUES (570, 405, 1, 'Banka - isplata');
INSERT INTO `racun_transakcija` VALUES (571, 406, 3, 'Banka - isplata');
INSERT INTO `racun_transakcija` VALUES (572, 407, 1, 'Banka - isplata');
INSERT INTO `racun_transakcija` VALUES (573, 408, 1, 'Banka - isplata');
INSERT INTO `racun_transakcija` VALUES (574, 409, 1, 'Banka - isplata');
INSERT INTO `racun_transakcija` VALUES (575, 410, 1, 'Banka - isplata');
INSERT INTO `racun_transakcija` VALUES (576, 411, 1, 'Banka - isplata');
INSERT INTO `racun_transakcija` VALUES (577, 412, 3, 'menjačnica - isplata');
INSERT INTO `racun_transakcija` VALUES (578, 412, 1, 'menjačnica - uplata');
INSERT INTO `racun_transakcija` VALUES (579, 413, 1, 'menjačnica - isplata');
INSERT INTO `racun_transakcija` VALUES (580, 413, 3, 'menjačnica - uplata');
INSERT INTO `racun_transakcija` VALUES (581, 414, 1, 'menjačnica - isplata');
INSERT INTO `racun_transakcija` VALUES (582, 414, 3, 'menjačnica - uplata');
INSERT INTO `racun_transakcija` VALUES (583, 415, 1, 'isplata');
INSERT INTO `racun_transakcija` VALUES (584, 415, 2, 'uplata');
INSERT INTO `racun_transakcija` VALUES (585, 416, 1, 'isplata');
INSERT INTO `racun_transakcija` VALUES (586, 416, 2, 'uplata');
INSERT INTO `racun_transakcija` VALUES (587, 417, 1, 'isplata');
INSERT INTO `racun_transakcija` VALUES (588, 417, 2, 'uplata');
INSERT INTO `racun_transakcija` VALUES (589, 418, 1, 'isplata');
INSERT INTO `racun_transakcija` VALUES (590, 418, 2, 'uplata');
INSERT INTO `racun_transakcija` VALUES (591, 419, 1, 'isplata');
INSERT INTO `racun_transakcija` VALUES (592, 419, 2, 'uplata');
INSERT INTO `racun_transakcija` VALUES (593, 420, 1, 'isplata');
INSERT INTO `racun_transakcija` VALUES (594, 420, 2, 'uplata');
INSERT INTO `racun_transakcija` VALUES (595, 421, 1, 'isplata');
INSERT INTO `racun_transakcija` VALUES (596, 421, 2, 'uplata');
INSERT INTO `racun_transakcija` VALUES (597, 422, 1, 'isplata');
INSERT INTO `racun_transakcija` VALUES (598, 422, 2, 'uplata');
INSERT INTO `racun_transakcija` VALUES (599, 423, 1, 'menjačnica - isplata');
INSERT INTO `racun_transakcija` VALUES (600, 423, 3, 'menjačnica - uplata');
INSERT INTO `racun_transakcija` VALUES (601, 424, 1, 'menjačnica - isplata');
INSERT INTO `racun_transakcija` VALUES (602, 424, 3, 'menjačnica - uplata');
INSERT INTO `racun_transakcija` VALUES (603, 425, 3, 'menjačnica - isplata');
INSERT INTO `racun_transakcija` VALUES (604, 425, 1, 'menjačnica - uplata');
INSERT INTO `racun_transakcija` VALUES (605, 426, 1, 'menjačnica - isplata');
INSERT INTO `racun_transakcija` VALUES (606, 426, 3, 'menjačnica - uplata');
INSERT INTO `racun_transakcija` VALUES (607, 427, 1, 'menjačnica - isplata');
INSERT INTO `racun_transakcija` VALUES (608, 427, 3, 'menjačnica - uplata');
INSERT INTO `racun_transakcija` VALUES (609, 428, 3, 'menjačnica - isplata');
INSERT INTO `racun_transakcija` VALUES (610, 428, 1, 'menjačnica - uplata');
INSERT INTO `racun_transakcija` VALUES (611, 429, 1, 'isplata');
INSERT INTO `racun_transakcija` VALUES (612, 429, 2, 'uplata');
INSERT INTO `racun_transakcija` VALUES (613, 430, 1, 'isplata');
INSERT INTO `racun_transakcija` VALUES (614, 430, 2, 'uplata');
INSERT INTO `racun_transakcija` VALUES (615, 431, 1, 'menjačnica - isplata');
INSERT INTO `racun_transakcija` VALUES (616, 431, 3, 'menjačnica - uplata');
INSERT INTO `racun_transakcija` VALUES (617, 432, 1, 'menjačnica - isplata');
INSERT INTO `racun_transakcija` VALUES (618, 432, 3, 'menjačnica - uplata');
INSERT INTO `racun_transakcija` VALUES (619, 433, 1, 'menjačnica - isplata');
INSERT INTO `racun_transakcija` VALUES (620, 433, 3, 'menjačnica - uplata');
INSERT INTO `racun_transakcija` VALUES (621, 434, 3, 'menjačnica - isplata');
INSERT INTO `racun_transakcija` VALUES (622, 434, 1, 'menjačnica - uplata');
INSERT INTO `racun_transakcija` VALUES (623, 435, 3, 'menjačnica - isplata');
INSERT INTO `racun_transakcija` VALUES (624, 435, 1, 'menjačnica - uplata');
INSERT INTO `racun_transakcija` VALUES (625, 436, 1, 'menjačnica - isplata');
INSERT INTO `racun_transakcija` VALUES (626, 436, 3, 'menjačnica - uplata');
INSERT INTO `racun_transakcija` VALUES (627, 437, 1, 'menjačnica - isplata');
INSERT INTO `racun_transakcija` VALUES (628, 437, 3, 'menjačnica - uplata');
INSERT INTO `racun_transakcija` VALUES (629, 438, 1, 'menjačnica - isplata');
INSERT INTO `racun_transakcija` VALUES (630, 438, 3, 'menjačnica - uplata');
INSERT INTO `racun_transakcija` VALUES (631, 439, 1, 'menjačnica - isplata');
INSERT INTO `racun_transakcija` VALUES (632, 439, 3, 'menjačnica - uplata');
INSERT INTO `racun_transakcija` VALUES (633, 440, 1, 'menjačnica - isplata');
INSERT INTO `racun_transakcija` VALUES (634, 440, 3, 'menjačnica - uplata');
INSERT INTO `racun_transakcija` VALUES (635, 441, 1, 'menjačnica - isplata');
INSERT INTO `racun_transakcija` VALUES (636, 441, 3, 'menjačnica - uplata');
INSERT INTO `racun_transakcija` VALUES (637, 442, 1, 'menjačnica - isplata');
INSERT INTO `racun_transakcija` VALUES (638, 442, 3, 'menjačnica - uplata');
INSERT INTO `racun_transakcija` VALUES (639, 443, 1, 'menjačnica - isplata');
INSERT INTO `racun_transakcija` VALUES (640, 443, 3, 'menjačnica - uplata');
INSERT INTO `racun_transakcija` VALUES (641, 444, 1, 'menjačnica - isplata');
INSERT INTO `racun_transakcija` VALUES (642, 444, 3, 'menjačnica - uplata');
INSERT INTO `racun_transakcija` VALUES (643, 445, 1, 'menjačnica - isplata');
INSERT INTO `racun_transakcija` VALUES (644, 445, 3, 'menjačnica - uplata');
INSERT INTO `racun_transakcija` VALUES (645, 446, 1, 'menjačnica - isplata');
INSERT INTO `racun_transakcija` VALUES (646, 446, 3, 'menjačnica - uplata');
INSERT INTO `racun_transakcija` VALUES (647, 447, 1, 'menjačnica - isplata');
INSERT INTO `racun_transakcija` VALUES (648, 447, 3, 'menjačnica - uplata');
INSERT INTO `racun_transakcija` VALUES (649, 448, 1, 'menjačnica - isplata');
INSERT INTO `racun_transakcija` VALUES (650, 448, 3, 'menjačnica - uplata');
INSERT INTO `racun_transakcija` VALUES (651, 449, 1, 'menjačnica - isplata');
INSERT INTO `racun_transakcija` VALUES (652, 449, 3, 'menjačnica - uplata');
INSERT INTO `racun_transakcija` VALUES (653, 450, 1, 'menjačnica - isplata');
INSERT INTO `racun_transakcija` VALUES (654, 450, 3, 'menjačnica - uplata');
INSERT INTO `racun_transakcija` VALUES (655, 451, 1, 'Banka - isplata');
INSERT INTO `racun_transakcija` VALUES (656, 452, 1, 'Banka - isplata');
INSERT INTO `racun_transakcija` VALUES (657, 453, 1, 'Banka - isplata');
INSERT INTO `racun_transakcija` VALUES (658, 454, 3, 'Banka - isplata');
INSERT INTO `racun_transakcija` VALUES (659, 455, 1, 'Banka - isplata');
INSERT INTO `racun_transakcija` VALUES (660, 456, 1, 'Banka - isplata');
INSERT INTO `racun_transakcija` VALUES (661, 457, 1, 'Banka - isplata');
INSERT INTO `racun_transakcija` VALUES (662, 458, 3, 'Banka - isplata zatvaranje računa');
INSERT INTO `racun_transakcija` VALUES (663, 459, 3, 'Banka - isplata zatvaranje računa');
INSERT INTO `racun_transakcija` VALUES (664, 460, 1, 'menjačnica - isplata');
INSERT INTO `racun_transakcija` VALUES (665, 460, 3, 'menjačnica - uplata');
INSERT INTO `racun_transakcija` VALUES (666, 461, 3, 'menjačnica - isplata');
INSERT INTO `racun_transakcija` VALUES (667, 461, 1, 'menjačnica - uplata');
INSERT INTO `racun_transakcija` VALUES (668, 462, 3, 'Banka - isplata');
INSERT INTO `racun_transakcija` VALUES (669, 463, 307, 'Banka - isplata zatvaranje računa');
INSERT INTO `racun_transakcija` VALUES (670, 464, 307, 'Banka - isplata zatvaranje računa');
INSERT INTO `racun_transakcija` VALUES (671, 465, 1, 'isplata');
INSERT INTO `racun_transakcija` VALUES (672, 465, 307, 'uplata');
INSERT INTO `racun_transakcija` VALUES (673, 466, 1, 'isplata');
INSERT INTO `racun_transakcija` VALUES (674, 466, 306, 'uplata');
INSERT INTO `racun_transakcija` VALUES (675, 467, 1, 'isplata');
INSERT INTO `racun_transakcija` VALUES (676, 467, 306, 'uplata');
INSERT INTO `racun_transakcija` VALUES (677, 468, 1, 'isplata');
INSERT INTO `racun_transakcija` VALUES (678, 468, 306, 'uplata');
INSERT INTO `racun_transakcija` VALUES (679, 469, 1, 'isplata');
INSERT INTO `racun_transakcija` VALUES (680, 469, 306, 'uplata');
INSERT INTO `racun_transakcija` VALUES (681, 470, 1, 'isplata');
INSERT INTO `racun_transakcija` VALUES (682, 470, 306, 'uplata');
INSERT INTO `racun_transakcija` VALUES (683, 471, 1, 'isplata');
INSERT INTO `racun_transakcija` VALUES (684, 471, 306, 'uplata');
INSERT INTO `racun_transakcija` VALUES (685, 472, 1, 'isplata');
INSERT INTO `racun_transakcija` VALUES (686, 472, 306, 'uplata');
INSERT INTO `racun_transakcija` VALUES (687, 473, 1, 'isplata');
INSERT INTO `racun_transakcija` VALUES (688, 473, 306, 'uplata');
INSERT INTO `racun_transakcija` VALUES (689, 474, 3, 'menjačnica - isplata');
INSERT INTO `racun_transakcija` VALUES (690, 474, 1, 'menjačnica - uplata');
INSERT INTO `racun_transakcija` VALUES (691, 475, 3, 'menjačnica - isplata');
INSERT INTO `racun_transakcija` VALUES (692, 475, 1, 'menjačnica - uplata');
INSERT INTO `racun_transakcija` VALUES (693, 476, 3, 'menjačnica - isplata');
INSERT INTO `racun_transakcija` VALUES (694, 476, 1, 'menjačnica - uplata');
INSERT INTO `racun_transakcija` VALUES (695, 477, 3, 'Banka - isplata');
INSERT INTO `racun_transakcija` VALUES (696, 478, 1, 'isplata');
INSERT INTO `racun_transakcija` VALUES (697, 478, 309, 'uplata');
INSERT INTO `racun_transakcija` VALUES (698, 479, 3, 'isplata');
INSERT INTO `racun_transakcija` VALUES (699, 479, 310, 'uplata');
INSERT INTO `racun_transakcija` VALUES (700, 480, 1, 'isplata');
INSERT INTO `racun_transakcija` VALUES (701, 480, 309, 'uplata');
INSERT INTO `racun_transakcija` VALUES (738, 500, 1, 'isplata');
INSERT INTO `racun_transakcija` VALUES (739, 500, 2, 'uplata');
INSERT INTO `racun_transakcija` VALUES (740, 501, 1, 'isplata');
INSERT INTO `racun_transakcija` VALUES (741, 501, 2, 'uplata');
INSERT INTO `racun_transakcija` VALUES (742, 502, 1, 'isplata');
INSERT INTO `racun_transakcija` VALUES (743, 502, 2, 'uplata');
INSERT INTO `racun_transakcija` VALUES (744, 503, 1, 'isplata');
INSERT INTO `racun_transakcija` VALUES (745, 503, 2, 'uplata');

-- ----------------------------
-- Table structure for racun_valuta
-- ----------------------------
DROP TABLE IF EXISTS `racun_valuta`;
CREATE TABLE `racun_valuta`  (
  `racun_valuta_id` int(10) UNSIGNED NOT NULL AUTO_INCREMENT,
  `racun_id` int(10) UNSIGNED NOT NULL,
  `valuta_id` int(10) UNSIGNED NOT NULL,
  `stanje` decimal(10, 2) NOT NULL,
  PRIMARY KEY (`racun_valuta_id`) USING BTREE,
  INDEX `fk_racun_valuta_racun_racun_id`(`racun_id`) USING BTREE,
  INDEX `fk_racun_valuta_valuta_valuta_id`(`valuta_id`) USING BTREE,
  CONSTRAINT `fk_racun_valuta_racun_racun_id` FOREIGN KEY (`racun_id`) REFERENCES `racun` (`racun_id`) ON DELETE RESTRICT ON UPDATE CASCADE,
  CONSTRAINT `fk_racun_valuta_valuta_valuta_id` FOREIGN KEY (`valuta_id`) REFERENCES `valuta` (`valuta_id`) ON DELETE RESTRICT ON UPDATE CASCADE
) ENGINE = InnoDB AUTO_INCREMENT = 353 CHARACTER SET = utf8 COLLATE = utf8_unicode_ci ROW_FORMAT = Dynamic;

-- ----------------------------
-- Records of racun_valuta
-- ----------------------------
INSERT INTO `racun_valuta` VALUES (1, 1, 1, 30069.82);
INSERT INTO `racun_valuta` VALUES (2, 3, 2, 248.00);
INSERT INTO `racun_valuta` VALUES (3, 3, 3, 0.00);
INSERT INTO `racun_valuta` VALUES (4, 2, 1, 80605.97);
INSERT INTO `racun_valuta` VALUES (339, 305, 1, 0.00);
INSERT INTO `racun_valuta` VALUES (340, 306, 1, 510.00);
INSERT INTO `racun_valuta` VALUES (341, 307, 1, 0.00);
INSERT INTO `racun_valuta` VALUES (342, 308, 2, 0.00);
INSERT INTO `racun_valuta` VALUES (343, 308, 3, 0.00);
INSERT INTO `racun_valuta` VALUES (344, 309, 1, 50003.00);
INSERT INTO `racun_valuta` VALUES (345, 310, 2, 200.00);
INSERT INTO `racun_valuta` VALUES (346, 310, 3, 0.00);
INSERT INTO `racun_valuta` VALUES (349, 312, 2, 0.00);
INSERT INTO `racun_valuta` VALUES (350, 312, 3, 0.00);
INSERT INTO `racun_valuta` VALUES (351, 312, 2, 0.00);
INSERT INTO `racun_valuta` VALUES (352, 312, 3, 0.00);

-- ----------------------------
-- Table structure for sluzbenik
-- ----------------------------
DROP TABLE IF EXISTS `sluzbenik`;
CREATE TABLE `sluzbenik`  (
  `sluzbenik_id` int(10) UNSIGNED NOT NULL AUTO_INCREMENT,
  `ime` varchar(120) CHARACTER SET utf8 COLLATE utf8_unicode_ci NOT NULL,
  `prezime` varchar(120) CHARACTER SET utf8 COLLATE utf8_unicode_ci NOT NULL,
  `email` varchar(150) CHARACTER SET utf8 COLLATE utf8_unicode_ci NOT NULL,
  `username` varchar(100) CHARACTER SET utf8 COLLATE utf8_unicode_ci NOT NULL,
  `password_hash` varchar(255) CHARACTER SET utf8 COLLATE utf8_unicode_ci NOT NULL,
  `br_telefona_sluzbeni` varchar(12) CHARACTER SET utf8 COLLATE utf8_unicode_ci NOT NULL,
  PRIMARY KEY (`sluzbenik_id`) USING BTREE
) ENGINE = InnoDB AUTO_INCREMENT = 3 CHARACTER SET = utf8 COLLATE = utf8_unicode_ci ROW_FORMAT = Dynamic;

-- ----------------------------
-- Records of sluzbenik
-- ----------------------------
INSERT INTO `sluzbenik` VALUES (1, 'Jova', 'Jović', 'jjovic@banka.com', 'jjovic', '$2b$11$RwuVBAxbhCxll/tBnKUviuL/E9fR2KijI7Qq4tjDTBNPAtuOdiI1u', '0654785412');
INSERT INTO `sluzbenik` VALUES (2, 'Marko', 'Marković', 'mmarkovic@banka.com', 'mmarkovic20', '$2b$11$RwuVBAxbhCxll/tBnKUviuL/E9fR2KijI7Qq4tjDTBNPAtuOdiI1u', '0622254587');

-- ----------------------------
-- Table structure for transakcija
-- ----------------------------
DROP TABLE IF EXISTS `transakcija`;
CREATE TABLE `transakcija`  (
  `transakcija_id` int(10) UNSIGNED NOT NULL AUTO_INCREMENT,
  `br_transakcije` varchar(255) CHARACTER SET utf8 COLLATE utf8_unicode_ci NOT NULL,
  `iznos` decimal(10, 2) NOT NULL,
  `datum_i_vreme` datetime(0) NOT NULL,
  `svrha` varchar(255) CHARACTER SET utf8 COLLATE utf8_unicode_ci NOT NULL,
  `valuta_id` int(10) UNSIGNED NOT NULL,
  PRIMARY KEY (`transakcija_id`) USING BTREE,
  UNIQUE INDEX `uq_transakcija_br_transakcije`(`br_transakcije`) USING BTREE
) ENGINE = InnoDB AUTO_INCREMENT = 504 CHARACTER SET = utf8 COLLATE = utf8_unicode_ci ROW_FORMAT = Dynamic;

-- ----------------------------
-- Records of transakcija
-- ----------------------------
INSERT INTO `transakcija` VALUES (152, '1666970036265', 500.00, '2022-10-28 17:13:56', 'uplata', 1);
INSERT INTO `transakcija` VALUES (153, '1666970056850', 200.00, '2022-10-28 17:14:16', 'uplata', 1);
INSERT INTO `transakcija` VALUES (154, '1666970753219', 200.00, '2022-10-28 17:25:53', 'uplata', 1);
INSERT INTO `transakcija` VALUES (155, '1666970847699', 200.00, '2022-10-28 17:27:27', 'uplata', 1);
INSERT INTO `transakcija` VALUES (156, '1666970888798', 1000.00, '2022-10-28 17:28:08', 'uplata', 1);
INSERT INTO `transakcija` VALUES (157, '1666971119880', 10.00, '2022-10-28 17:31:59', '', 2);
INSERT INTO `transakcija` VALUES (158, '1666971162522', 5895.00, '2022-10-28 17:32:42', '', 1);
INSERT INTO `transakcija` VALUES (159, '1667044505504', 3000.00, '2022-10-29 13:55:05', 'uplata', 1);
INSERT INTO `transakcija` VALUES (160, '1667044918141', 500.00, '2022-10-29 14:01:58', 'uplata', 1);
INSERT INTO `transakcija` VALUES (161, '1667236750708', 500.00, '2022-10-31 18:19:10', 'uplata', 1);
INSERT INTO `transakcija` VALUES (162, '1667236784376', 500.00, '2022-10-31 18:19:44', 'uplata', 1);
INSERT INTO `transakcija` VALUES (163, '1667236803357', 500.00, '2022-10-31 18:20:03', 'uplata', 1);
INSERT INTO `transakcija` VALUES (164, '1667236815770', 500.00, '2022-10-31 18:20:15', 'uplata', 1);
INSERT INTO `transakcija` VALUES (165, '1667413903650', 99999999.99, '2022-11-02 19:31:43', 'uplata', 1);
INSERT INTO `transakcija` VALUES (166, '1667414280795', 100.00, '2022-11-02 19:38:00', 'uplata', 1);
INSERT INTO `transakcija` VALUES (167, '1667414489449', 500.00, '2022-11-02 19:41:29', 'uplata', 1);
INSERT INTO `transakcija` VALUES (168, '1667414625717', 500.00, '2022-11-02 19:43:45', 'uplata', 1);
INSERT INTO `transakcija` VALUES (169, '1667414661408', 500.00, '2022-11-02 19:44:21', 'uplata', 1);
INSERT INTO `transakcija` VALUES (170, '1667415002761', 500.00, '2022-11-02 19:50:02', 'uplata', 1);
INSERT INTO `transakcija` VALUES (171, '1667415075091', 500.00, '2022-11-02 19:51:15', 'uplata', 1);
INSERT INTO `transakcija` VALUES (172, '1667415167154', 80000.00, '2022-11-02 19:52:47', 'uplata', 1);
INSERT INTO `transakcija` VALUES (173, '1667415241706', 500.00, '2022-11-02 19:54:01', 'uplata', 1);
INSERT INTO `transakcija` VALUES (174, '1667415378633', 20000.00, '2022-11-02 19:56:18', 'uplata na račun', 1);
INSERT INTO `transakcija` VALUES (175, '1667415577967', 500.00, '2022-11-02 19:59:37', 'uplata', 1);
INSERT INTO `transakcija` VALUES (176, '1667481906817', 500.00, '2022-11-03 14:25:06', 'uplata', 1);
INSERT INTO `transakcija` VALUES (177, '1667487929818', 200.00, '2022-11-03 16:05:29', 'uplata', 1);
INSERT INTO `transakcija` VALUES (178, '1667488317970', 5.00, '2022-11-03 16:11:57', 'uplata', 2);
INSERT INTO `transakcija` VALUES (179, '1667495964415', 10.00, '2022-11-03 18:19:24', '', 2);
INSERT INTO `transakcija` VALUES (180, '1667496171490', 122600.00, '2022-11-03 18:22:51', '', 1);
INSERT INTO `transakcija` VALUES (181, '1667562221826', 500.00, '2022-11-04 12:43:41', 'uplata', 1);
INSERT INTO `transakcija` VALUES (182, '1667562260798', 1.00, '2022-11-04 12:44:20', '', 2);
INSERT INTO `transakcija` VALUES (183, '1667562308084', 10.00, '2022-11-04 12:45:08', '', 2);
INSERT INTO `transakcija` VALUES (184, '1667562337316', 113700.00, '2022-11-04 12:45:37', '', 1);
INSERT INTO `transakcija` VALUES (185, '1667562539261', 103700.00, '2022-11-04 12:48:59', '', 1);
INSERT INTO `transakcija` VALUES (186, '1667562629862', 93700.00, '2022-11-04 12:50:29', '', 1);
INSERT INTO `transakcija` VALUES (187, '1667562696916', 83700.00, '2022-11-04 12:51:36', '', 1);
INSERT INTO `transakcija` VALUES (188, '1667562829768', 8.00, '2022-11-04 12:53:49', '', 2);
INSERT INTO `transakcija` VALUES (189, '1667562862017', 1013.00, '2022-11-04 12:54:22', '', 2);
INSERT INTO `transakcija` VALUES (190, '1667562900287', 207257.00, '2022-11-04 12:55:00', '', 1);
INSERT INTO `transakcija` VALUES (191, '1667562989080', 2026.00, '2022-11-04 12:56:29', '', 2);
INSERT INTO `transakcija` VALUES (192, '1667563034553', 11789.00, '2022-11-04 12:57:14', '', 1);
INSERT INTO `transakcija` VALUES (193, '1667565365818', 8.00, '2022-11-04 13:36:05', '', 2);
INSERT INTO `transakcija` VALUES (194, '1667565443730', 8.00, '2022-11-04 13:37:23', '', 2);
INSERT INTO `transakcija` VALUES (195, '1667565501355', 1.00, '2022-11-04 13:38:21', '', 2);
INSERT INTO `transakcija` VALUES (200, '1667565751591', 1.00, '2022-11-04 13:42:31', '', 2);
INSERT INTO `transakcija` VALUES (201, '1667565798987', 1.00, '2022-11-04 13:43:18', '', 2);
INSERT INTO `transakcija` VALUES (202, '1667566041123', 1.00, '2022-11-04 13:47:21', '', 2);
INSERT INTO `transakcija` VALUES (203, '1667566111985', 1.00, '2022-11-04 13:48:31', '', 2);
INSERT INTO `transakcija` VALUES (204, '1667740641648', 17.00, '2022-11-06 14:17:21', '', 2);
INSERT INTO `transakcija` VALUES (205, '1667740667128', 2358.00, '2022-11-06 14:17:47', '', 1);
INSERT INTO `transakcija` VALUES (206, '1667740687202', 3615.00, '2022-11-06 14:18:07', '', 1);
INSERT INTO `transakcija` VALUES (207, '1667831040468', 1000.00, '2022-11-07 15:24:00', 'uplata', 1);
INSERT INTO `transakcija` VALUES (208, '1667831113347', 1.00, '2022-11-07 15:25:13', 'uplata', 1);
INSERT INTO `transakcija` VALUES (209, '1667831171399', 100.00, '2022-11-07 15:26:11', 'uplata', 1);
INSERT INTO `transakcija` VALUES (211, '1667831371512', 200.00, '2022-11-07 15:29:31', 'uplata', 1);
INSERT INTO `transakcija` VALUES (213, '1667831476736', 300.00, '2022-11-07 15:31:16', 'uplata', 1);
INSERT INTO `transakcija` VALUES (214, '1667832498328', 500.00, '2022-11-07 15:48:18', 'uplata', 1);
INSERT INTO `transakcija` VALUES (215, '1667832535918', 1000.00, '2022-11-07 15:48:55', 'uplata', 1);
INSERT INTO `transakcija` VALUES (216, '1667918799033', 17.00, '2022-11-08 15:46:39', '', 3);
INSERT INTO `transakcija` VALUES (217, '1668261877903', 10.00, '2022-11-12 15:04:37', '', 2);
INSERT INTO `transakcija` VALUES (218, '1668261914464', 1179.00, '2022-11-12 15:05:14', '', 1);
INSERT INTO `transakcija` VALUES (219, '1668348796441', 10000.00, '2022-11-13 15:13:16', 'prenos', 1);
INSERT INTO `transakcija` VALUES (220, '1668348873358', 10000.00, '2022-11-13 15:14:33', 'prenos', 1);
INSERT INTO `transakcija` VALUES (221, '1668349120644', 1000.00, '2022-11-13 15:18:40', 'uplata na račun', 1);
INSERT INTO `transakcija` VALUES (222, '1668349260010', 5000.00, '2022-11-13 15:21:00', 'prenos', 1);
INSERT INTO `transakcija` VALUES (223, '1668349288942', 10000.00, '2022-11-13 15:21:28', 'prenos', 1);
INSERT INTO `transakcija` VALUES (224, '1668352600022', 1000.00, '2022-11-13 16:16:40', 'Banka - isplata', 1);
INSERT INTO `transakcija` VALUES (225, '1668352675311', 1000.00, '2022-11-13 16:17:55', 'Banka - isplata', 1);
INSERT INTO `transakcija` VALUES (226, '1668352791650', 1000.00, '2022-11-13 16:19:51', 'Banka - isplata', 1);
INSERT INTO `transakcija` VALUES (227, '1668352857022', 1000.00, '2022-11-13 16:20:57', 'Banka - isplata', 1);
INSERT INTO `transakcija` VALUES (228, '1668352906973', 5.00, '2022-11-13 16:21:46', 'Banka - isplata', 1);
INSERT INTO `transakcija` VALUES (229, '1668352998262', 1.00, '2022-11-13 16:23:18', 'Banka - isplata', 1);
INSERT INTO `transakcija` VALUES (230, '1668353024764', 5.00, '2022-11-13 16:23:44', 'Banka - isplata', 1);
INSERT INTO `transakcija` VALUES (231, '1668353055625', 7.00, '2022-11-13 16:24:15', 'Banka - isplata', 1);
INSERT INTO `transakcija` VALUES (232, '1668353097472', 5.00, '2022-11-13 16:24:57', 'Banka - isplata', 1);
INSERT INTO `transakcija` VALUES (233, '1668353129695', 5.00, '2022-11-13 16:25:29', 'Banka - isplata', 1);
INSERT INTO `transakcija` VALUES (234, '1668353191967', 1000.00, '2022-11-13 16:26:31', 'Banka - isplata', 1);
INSERT INTO `transakcija` VALUES (235, '1668353257864', 4.00, '2022-11-13 16:27:37', 'Banka - isplata', 1);
INSERT INTO `transakcija` VALUES (236, '1668353358880', 1000.00, '2022-11-13 16:29:18', 'Banka - isplata', 1);
INSERT INTO `transakcija` VALUES (237, '1668353611289', 1000.00, '2022-11-13 16:33:31', 'Banka - isplata', 1);
INSERT INTO `transakcija` VALUES (238, '1668353659324', 50.00, '2022-11-13 16:34:19', 'Banka - isplata', 1);
INSERT INTO `transakcija` VALUES (239, '1668353791592', 5.00, '2022-11-13 16:36:31', 'Banka - isplata', 1);
INSERT INTO `transakcija` VALUES (240, '1668353934780', 5.00, '2022-11-13 16:38:54', 'Banka - isplata', 1);
INSERT INTO `transakcija` VALUES (241, '1668353969748', 5.00, '2022-11-13 16:39:29', 'Banka - isplata', 1);
INSERT INTO `transakcija` VALUES (242, '1668354066736', 5.00, '2022-11-13 16:41:06', 'Banka - isplata', 1);
INSERT INTO `transakcija` VALUES (243, '1668354124999', 5.00, '2022-11-13 16:42:04', 'Banka - isplata', 1);
INSERT INTO `transakcija` VALUES (244, '1668354244219', 5000.00, '2022-11-13 16:44:04', 'Banka - isplata', 1);
INSERT INTO `transakcija` VALUES (245, '1668354327026', 1000.00, '2022-11-13 16:45:27', 'Banka - isplata', 1);
INSERT INTO `transakcija` VALUES (246, '1668354406142', 5.00, '2022-11-13 16:46:46', 'Banka - isplata', 1);
INSERT INTO `transakcija` VALUES (247, '1668354477358', 5.00, '2022-11-13 16:47:57', 'Banka - isplata', 1);
INSERT INTO `transakcija` VALUES (248, '1668354598075', 5.00, '2022-11-13 16:49:58', 'Banka - isplata', 1);
INSERT INTO `transakcija` VALUES (249, '1668354621196', 5.00, '2022-11-13 16:50:21', 'Banka - isplata', 1);
INSERT INTO `transakcija` VALUES (250, '1668354677585', 5.00, '2022-11-13 16:51:17', 'Banka - isplata', 1);
INSERT INTO `transakcija` VALUES (251, '1668354830577', 1000.00, '2022-11-13 16:53:50', 'Banka - isplata', 1);
INSERT INTO `transakcija` VALUES (252, '1668354890854', 7.00, '2022-11-13 16:54:50', 'Banka - isplata', 1);
INSERT INTO `transakcija` VALUES (253, '1668354949083', 5.00, '2022-11-13 16:55:49', 'Banka - isplata', 1);
INSERT INTO `transakcija` VALUES (254, '1668355011475', 1.00, '2022-11-13 16:56:51', 'Banka - isplata', 1);
INSERT INTO `transakcija` VALUES (255, '1668355049384', 4.00, '2022-11-13 16:57:29', 'Banka - isplata', 1);
INSERT INTO `transakcija` VALUES (256, '1668355166059', 5.00, '2022-11-13 16:59:26', 'Banka - isplata', 1);
INSERT INTO `transakcija` VALUES (257, '1668355202708', 5.00, '2022-11-13 17:00:02', 'Banka - isplata', 1);
INSERT INTO `transakcija` VALUES (258, '1668355231122', 5.00, '2022-11-13 17:00:31', 'Banka - isplata', 1);
INSERT INTO `transakcija` VALUES (259, '1668355761003', 1.00, '2022-11-13 17:09:21', 'Banka - isplata', 1);
INSERT INTO `transakcija` VALUES (260, '1668355855042', 1.00, '2022-11-13 17:10:55', 'Banka - isplata', 1);
INSERT INTO `transakcija` VALUES (261, '1668355911079', 1.00, '2022-11-13 17:11:51', 'Banka - isplata', 1);
INSERT INTO `transakcija` VALUES (262, '1668355960234', 1.00, '2022-11-13 17:12:40', 'Banka - isplata', 1);
INSERT INTO `transakcija` VALUES (263, '1668355994220', 1.00, '2022-11-13 17:13:14', 'Banka - isplata', 1);
INSERT INTO `transakcija` VALUES (264, '1668356068180', 1.00, '2022-11-13 17:14:28', 'Banka - isplata', 1);
INSERT INTO `transakcija` VALUES (265, '1668356132255', 1.00, '2022-11-13 17:15:32', 'Banka - isplata', 1);
INSERT INTO `transakcija` VALUES (266, '1668356183621', 10.00, '2022-11-13 17:16:23', 'Banka - isplata', 1);
INSERT INTO `transakcija` VALUES (267, '1668356349339', 1.00, '2022-11-13 17:19:09', 'Banka - isplata', 1);
INSERT INTO `transakcija` VALUES (268, '1668356436700', 5.00, '2022-11-13 17:20:36', 'Banka - isplata', 1);
INSERT INTO `transakcija` VALUES (269, '1668356491302', 1.00, '2022-11-13 17:21:31', 'Banka - isplata', 1);
INSERT INTO `transakcija` VALUES (270, '1668356597846', 200.00, '2022-11-13 17:23:17', 'Banka - isplata', 1);
INSERT INTO `transakcija` VALUES (271, '1668356776367', 1.00, '2022-11-13 17:26:16', 'Banka - isplata', 1);
INSERT INTO `transakcija` VALUES (272, '1668356868506', 1.00, '2022-11-13 17:27:48', 'Banka - isplata', 1);
INSERT INTO `transakcija` VALUES (273, '1668356974417', 1.00, '2022-11-13 17:29:34', 'Banka - isplata', 1);
INSERT INTO `transakcija` VALUES (274, '1668357115208', 1.00, '2022-11-13 17:31:55', 'Banka - isplata', 1);
INSERT INTO `transakcija` VALUES (275, '1668357204133', 1.00, '2022-11-13 17:33:24', 'Banka - isplata', 1);
INSERT INTO `transakcija` VALUES (276, '1668357247408', 1.00, '2022-11-13 17:34:07', 'Banka - isplata', 1);
INSERT INTO `transakcija` VALUES (277, '1668357414981', 20.00, '2022-11-13 17:36:54', 'Banka - isplata', 1);
INSERT INTO `transakcija` VALUES (278, '1668357457848', 1.00, '2022-11-13 17:37:37', 'Banka - isplata', 1);
INSERT INTO `transakcija` VALUES (279, '1668357522912', 1.00, '2022-11-13 17:38:42', 'Banka - isplata', 1);
INSERT INTO `transakcija` VALUES (280, '1668357676649', 20.00, '2022-11-13 17:41:16', 'prenos', 1);
INSERT INTO `transakcija` VALUES (281, '1668358431251', 1.00, '2022-11-13 17:53:51', 'Banka - isplata', 1);
INSERT INTO `transakcija` VALUES (282, '1668358503627', 1.00, '2022-11-13 17:55:03', 'Banka - isplata', 1);
INSERT INTO `transakcija` VALUES (283, '1668358725273', 1.00, '2022-11-13 17:58:45', 'Banka - isplata', 1);
INSERT INTO `transakcija` VALUES (287, '1668359170749', 1.00, '2022-11-13 18:06:10', 'Banka - isplata', 1);
INSERT INTO `transakcija` VALUES (288, '1668359595286', 1.00, '2022-11-13 18:13:15', 'Banka - isplata', 1);
INSERT INTO `transakcija` VALUES (289, '1668359657705', 5.00, '2022-11-13 18:14:17', 'Banka - isplata', 1);
INSERT INTO `transakcija` VALUES (290, '1668359749207', 1.00, '2022-11-13 18:15:49', 'Banka - isplata', 1);
INSERT INTO `transakcija` VALUES (291, '1668360109975', 1.00, '2022-11-13 18:21:49', 'Banka - isplata', 1);
INSERT INTO `transakcija` VALUES (292, '1668360170477', 1.00, '2022-11-13 18:22:50', 'Banka - isplata', 1);
INSERT INTO `transakcija` VALUES (293, '1668360365094', 100000.00, '2022-11-13 18:26:05', 'Banka - isplata', 1);
INSERT INTO `transakcija` VALUES (294, '1668520637272', 1000.00, '2022-11-15 14:57:17', '', 1);
INSERT INTO `transakcija` VALUES (295, '1668520760508', 5.00, '2022-11-15 14:59:20', '', 1);
INSERT INTO `transakcija` VALUES (296, '1668521014186', 1000.00, '2022-11-15 15:03:34', 'prenos', 1);
INSERT INTO `transakcija` VALUES (297, '1668521066766', 1.00, '2022-11-15 15:04:26', '', 1);
INSERT INTO `transakcija` VALUES (298, '1668521152744', 1.00, '2022-11-15 15:05:52', '', 1);
INSERT INTO `transakcija` VALUES (299, '1668521223775', 1.00, '2022-11-15 15:07:03', '', 1);
INSERT INTO `transakcija` VALUES (300, '1668521306213', 1.00, '2022-11-15 15:08:26', '', 1);
INSERT INTO `transakcija` VALUES (301, '1668521513642', 1.00, '2022-11-15 15:11:53', '', 1);
INSERT INTO `transakcija` VALUES (302, '1668521873356', 1.00, '2022-11-15 15:17:53', '', 1);
INSERT INTO `transakcija` VALUES (303, '1668521969010', 1.00, '2022-11-15 15:19:29', '', 1);
INSERT INTO `transakcija` VALUES (304, '1668522082076', 5.00, '2022-11-15 15:21:22', '', 1);
INSERT INTO `transakcija` VALUES (305, '1668522147381', 1200.00, '2022-11-15 15:22:27', '', 1);
INSERT INTO `transakcija` VALUES (306, '1668522233713', 1.00, '2022-11-15 15:23:53', '', 1);
INSERT INTO `transakcija` VALUES (307, '1668522260157', 2.00, '2022-11-15 15:24:20', '', 1);
INSERT INTO `transakcija` VALUES (308, '1668522468527', 1.00, '2022-11-15 15:27:48', '', 1);
INSERT INTO `transakcija` VALUES (309, '1668522699685', 123.00, '2022-11-15 15:31:39', '', 1);
INSERT INTO `transakcija` VALUES (310, '1668522758984', 2.00, '2022-11-15 15:32:38', '', 1);
INSERT INTO `transakcija` VALUES (311, '1668525109588', 999.00, '2022-11-15 16:11:49', 'prenos', 1);
INSERT INTO `transakcija` VALUES (312, '1668525168237', 2.00, '2022-11-15 16:12:48', 'prenos', 1);
INSERT INTO `transakcija` VALUES (313, '1668525277615', 2.00, '2022-11-15 16:14:37', '', 1);
INSERT INTO `transakcija` VALUES (314, '1668525347982', 200.00, '2022-11-15 16:15:47', '', 1);
INSERT INTO `transakcija` VALUES (315, '1668525427873', 2.00, '2022-11-15 16:17:07', '', 1);
INSERT INTO `transakcija` VALUES (316, '1668525499149', 2.00, '2022-11-15 16:18:19', '', 1);
INSERT INTO `transakcija` VALUES (317, '1668525570361', 2.00, '2022-11-15 16:19:30', '', 1);
INSERT INTO `transakcija` VALUES (318, '1668525655764', 2.00, '2022-11-15 16:20:55', '', 1);
INSERT INTO `transakcija` VALUES (319, '1668525688801', 5.00, '2022-11-15 16:21:28', '', 1);
INSERT INTO `transakcija` VALUES (320, '1668525982595', 200.00, '2022-11-15 16:26:22', '', 1);
INSERT INTO `transakcija` VALUES (321, '1668526168165', 20000.00, '2022-11-15 16:29:28', '', 1);
INSERT INTO `transakcija` VALUES (322, '1668526256122', 2000.00, '2022-11-15 16:30:56', '', 1);
INSERT INTO `transakcija` VALUES (323, '1668526819982', 1000.00, '2022-11-15 16:40:19', '', 1);
INSERT INTO `transakcija` VALUES (324, '1668526957634', 364896.00, '2022-11-15 16:42:37', '', 1);
INSERT INTO `transakcija` VALUES (325, '1669555492509', 152000.00, '2022-11-27 14:24:52', '', 1);
INSERT INTO `transakcija` VALUES (326, '1669557617934', 150000.00, '2022-11-27 15:00:17', '', 1);
INSERT INTO `transakcija` VALUES (327, '1669557713012', 150000.00, '2022-11-27 15:01:53', '', 1);
INSERT INTO `transakcija` VALUES (328, '1669557799077', 3602.00, '2022-11-27 15:03:19', '', 2);
INSERT INTO `transakcija` VALUES (329, '1669557799085', 1487.00, '2022-11-27 15:03:19', '', 3);
INSERT INTO `transakcija` VALUES (330, '1669557904075', 150000.00, '2022-11-27 15:05:04', '', 1);
INSERT INTO `transakcija` VALUES (331, '1669558044275', 150000.00, '2022-11-27 15:07:24', '', 1);
INSERT INTO `transakcija` VALUES (332, '1669558200139', 150000.00, '2022-11-27 15:10:00', '', 1);
INSERT INTO `transakcija` VALUES (333, '1669558298929', 2000.00, '2022-11-27 15:11:38', '', 2);
INSERT INTO `transakcija` VALUES (334, '1669558298938', 1000.00, '2022-11-27 15:11:38', '', 3);
INSERT INTO `transakcija` VALUES (335, '1669560282763', 2000.00, '2022-11-27 15:44:42', '', 2);
INSERT INTO `transakcija` VALUES (336, '1669560282773', 1500.00, '2022-11-27 15:44:42', '', 3);
INSERT INTO `transakcija` VALUES (337, '1674659337335', 101.00, '2023-01-25 16:08:57', '', 2);
INSERT INTO `transakcija` VALUES (338, '1674659362126', 41.00, '2023-01-25 16:09:22', '', 3);
INSERT INTO `transakcija` VALUES (339, '1674743591778', 200.00, '2023-01-26 15:33:11', 'uplata', 1);
INSERT INTO `transakcija` VALUES (340, '1674749015276', 2.00, '2023-01-26 17:03:35', 'uplata', 1);
INSERT INTO `transakcija` VALUES (341, '1674749124292', 0.00, '2023-01-26 17:05:24', 'uplata', 1);
INSERT INTO `transakcija` VALUES (342, '1674749173716', 2.00, '2023-01-26 17:06:13', 'uplata', 1);
INSERT INTO `transakcija` VALUES (343, '1674749475016', 2.00, '2023-01-26 17:11:15', 'uplata', 1);
INSERT INTO `transakcija` VALUES (344, '1674749576633', 20.00, '2023-01-26 17:12:56', 'uplata', 1);
INSERT INTO `transakcija` VALUES (345, '1674749617921', 1.00, '2023-01-26 17:13:37', 'uplata', 1);
INSERT INTO `transakcija` VALUES (346, '1674749763346', 2.00, '2023-01-26 17:16:03', 'uplata', 1);
INSERT INTO `transakcija` VALUES (347, '1674749954038', 2.00, '2023-01-26 17:19:14', 'uplata', 1);
INSERT INTO `transakcija` VALUES (348, '1674750087780', 2.00, '2023-01-26 17:21:27', 'uplata', 1);
INSERT INTO `transakcija` VALUES (349, '1674750114915', 2.00, '2023-01-26 17:21:54', 'uplata', 1);
INSERT INTO `transakcija` VALUES (350, '1674750269968', 2.00, '2023-01-26 17:24:29', 'uplata', 1);
INSERT INTO `transakcija` VALUES (351, '1674750415843', 2.00, '2023-01-26 17:26:55', 'uplata', 1);
INSERT INTO `transakcija` VALUES (352, '1674750519978', 2.00, '2023-01-26 17:28:39', 'uplata', 1);
INSERT INTO `transakcija` VALUES (353, '1674750630287', 2.00, '2023-01-26 17:30:30', 'uplata', 1);
INSERT INTO `transakcija` VALUES (354, '1674751144138', 2.00, '2023-01-26 17:39:04', 'uplata', 1);
INSERT INTO `transakcija` VALUES (355, '1674751368234', 1.00, '2023-01-26 17:42:48', 'uplata', 1);
INSERT INTO `transakcija` VALUES (356, '1674751546867', 2.00, '2023-01-26 17:45:46', 'uplata', 1);
INSERT INTO `transakcija` VALUES (357, '1674753625352', 2.00, '2023-01-26 18:20:25', 'uplata', 1);
INSERT INTO `transakcija` VALUES (358, '1674753752629', 2.00, '2023-01-26 18:22:32', 'uplata', 1);
INSERT INTO `transakcija` VALUES (359, '1674753847658', 2.00, '2023-01-26 18:24:07', 'uplata', 1);
INSERT INTO `transakcija` VALUES (360, '1674753938652', 2.00, '2023-01-26 18:25:38', 'uplata', 1);
INSERT INTO `transakcija` VALUES (361, '1674754028609', 200.00, '2023-01-26 18:27:08', 'uplata', 1);
INSERT INTO `transakcija` VALUES (362, '1674754208494', 2.00, '2023-01-26 18:30:08', 'uplata', 1);
INSERT INTO `transakcija` VALUES (363, '1674754257566', 2.00, '2023-01-26 18:30:57', 'uplata', 1);
INSERT INTO `transakcija` VALUES (364, '1674833680084', 2.00, '2023-01-27 16:34:40', 'uplata', 1);
INSERT INTO `transakcija` VALUES (365, '1674833783380', 2.00, '2023-01-27 16:36:23', 'uplata', 1);
INSERT INTO `transakcija` VALUES (366, '1674833885785', 2.00, '2023-01-27 16:38:05', 'uplata', 1);
INSERT INTO `transakcija` VALUES (367, '1674833972504', 2.00, '2023-01-27 16:39:32', 'uplata', 1);
INSERT INTO `transakcija` VALUES (368, '1674834019439', 2.00, '2023-01-27 16:40:19', 'uplata', 1);
INSERT INTO `transakcija` VALUES (369, '1674834066697', 2.00, '2023-01-27 16:41:06', 'uplata', 1);
INSERT INTO `transakcija` VALUES (370, '1674834382473', 2.00, '2023-01-27 16:46:22', 'uplata', 1);
INSERT INTO `transakcija` VALUES (371, '1674834420331', 2.00, '2023-01-27 16:47:00', 'uplata', 1);
INSERT INTO `transakcija` VALUES (372, '1674836870029', 17.00, '2023-01-27 17:27:50', '', 2);
INSERT INTO `transakcija` VALUES (373, '1675350819725', 10000.00, '2023-02-02 16:13:39', 'uplata', 1);
INSERT INTO `transakcija` VALUES (374, '1675350892289', 5000.00, '2023-02-02 16:14:52', '', 1);
INSERT INTO `transakcija` VALUES (375, '1675350975031', 20.00, '2023-02-02 16:16:15', 'uplata', 2);
INSERT INTO `transakcija` VALUES (376, '1675351153440', 10.00, '2023-02-02 16:19:13', 'uplata', 3);
INSERT INTO `transakcija` VALUES (377, '1675351915367', 42.00, '2023-02-02 16:31:55', '', 2);
INSERT INTO `transakcija` VALUES (378, '1675351938526', 17.00, '2023-02-02 16:32:18', '', 3);
INSERT INTO `transakcija` VALUES (379, '1675351959214', 1179.00, '2023-02-02 16:32:39', '', 1);
INSERT INTO `transakcija` VALUES (380, '1675351980465', 2410.00, '2023-02-02 16:33:00', '', 1);
INSERT INTO `transakcija` VALUES (381, '1676565088041', 500.00, '2023-02-16 17:31:28', 'uplata', 1);
INSERT INTO `transakcija` VALUES (382, '1676565435727', 200.00, '2023-02-16 17:37:15', 'uplata', 1);
INSERT INTO `transakcija` VALUES (383, '1676572077730', 2.00, '2023-02-16 19:27:57', '', 2);
INSERT INTO `transakcija` VALUES (384, '1676572238182', 2.00, '2023-02-16 19:30:38', '', 2);
INSERT INTO `transakcija` VALUES (385, '1676572782473', 1179.00, '2023-02-16 19:39:42', '', 1);
INSERT INTO `transakcija` VALUES (386, '1676572806804', 1179.00, '2023-02-16 19:40:06', '', 1);
INSERT INTO `transakcija` VALUES (387, '1676572853470', 589.00, '2023-02-16 19:40:53', '', 1);
INSERT INTO `transakcija` VALUES (388, '1676573129672', 118.00, '2023-02-16 19:45:29', '', 1);
INSERT INTO `transakcija` VALUES (389, '1676573144593', 118.00, '2023-02-16 19:45:44', '', 1);
INSERT INTO `transakcija` VALUES (390, '1676985641935', 100.00, '2023-02-21 14:20:41', '', 1);
INSERT INTO `transakcija` VALUES (391, '1676987117715', 21.00, '2023-02-21 14:45:17', '', 2);
INSERT INTO `transakcija` VALUES (392, '1677508040273', 10.00, '2023-02-27 15:27:20', '', 2);
INSERT INTO `transakcija` VALUES (393, '1677508051812', 10.00, '2023-02-27 15:27:31', '', 2);
INSERT INTO `transakcija` VALUES (394, '1677508113485', 50.00, '2023-02-27 15:28:33', '', 1);
INSERT INTO `transakcija` VALUES (395, '1677508184298', 50.00, '2023-02-27 15:29:44', '', 1);
INSERT INTO `transakcija` VALUES (396, '1677508335386', 20.00, '2023-02-27 15:32:15', '', 1);
INSERT INTO `transakcija` VALUES (397, '1677508603666', 20.00, '2023-02-27 15:36:43', '', 1);
INSERT INTO `transakcija` VALUES (398, '1677508647804', 20.00, '2023-02-27 15:37:27', '', 1);
INSERT INTO `transakcija` VALUES (399, '1677508731902', 1.00, '2023-02-27 15:38:51', '', 1);
INSERT INTO `transakcija` VALUES (400, '1677508830047', 2.00, '2023-02-27 15:40:30', '', 1);
INSERT INTO `transakcija` VALUES (401, '1677508870221', 1.00, '2023-02-27 15:41:10', '', 1);
INSERT INTO `transakcija` VALUES (402, '1677508962002', 2.00, '2023-02-27 15:42:42', '', 1);
INSERT INTO `transakcija` VALUES (403, '1677509052649', 1.00, '2023-02-27 15:44:12', '', 1);
INSERT INTO `transakcija` VALUES (404, '1677509213429', 2.00, '2023-02-27 15:46:53', '', 1);
INSERT INTO `transakcija` VALUES (405, '1677509258376', 2.00, '2023-02-27 15:47:38', '', 1);
INSERT INTO `transakcija` VALUES (406, '1677509308038', 2.00, '2023-02-27 15:48:28', '', 3);
INSERT INTO `transakcija` VALUES (407, '1677592251063', 1000.52, '2023-02-28 14:50:51', '', 1);
INSERT INTO `transakcija` VALUES (408, '1677592366501', 1000.20, '2023-02-28 14:52:46', '', 1);
INSERT INTO `transakcija` VALUES (409, '1677593350662', 1000.21, '2023-02-28 15:09:10', '', 1);
INSERT INTO `transakcija` VALUES (410, '1677593376753', 1200.52, '2023-02-28 15:09:36', '', 1);
INSERT INTO `transakcija` VALUES (411, '1677593450528', 3000.18, '2023-02-28 15:10:50', '', 1);
INSERT INTO `transakcija` VALUES (412, '1677595538262', 1205.04, '2023-02-28 15:45:38', '', 1);
INSERT INTO `transakcija` VALUES (413, '1677596479897', 10.13, '2023-02-28 16:01:19', '', 2);
INSERT INTO `transakcija` VALUES (414, '1677596581550', 10.13, '2023-02-28 16:03:01', '', 2);
INSERT INTO `transakcija` VALUES (415, '1677596801565', 200.21, '2023-02-28 16:06:41', 'uplata', 1);
INSERT INTO `transakcija` VALUES (416, '1677596849937', 200.00, '2023-02-28 16:07:29', 'uplata', 1);
INSERT INTO `transakcija` VALUES (417, '1677597060852', 200.00, '2023-02-28 16:11:00', 'uplata', 1);
INSERT INTO `transakcija` VALUES (418, '1677597131967', 200.00, '2023-02-28 16:12:11', 'uplata', 1);
INSERT INTO `transakcija` VALUES (419, '1677597229156', 200.00, '2023-02-28 16:13:49', 'uplata', 1);
INSERT INTO `transakcija` VALUES (420, '1677597259192', 200.00, '2023-02-28 16:14:19', 'uplata', 1);
INSERT INTO `transakcija` VALUES (421, '1677597397134', 200.00, '2023-02-28 16:16:37', 'uplata', 1);
INSERT INTO `transakcija` VALUES (422, '1677597463512', 200.00, '2023-02-28 16:17:43', 'uplata', 1);
INSERT INTO `transakcija` VALUES (423, '1677600989188', 10.13, '2023-02-28 17:16:29', '', 2);
INSERT INTO `transakcija` VALUES (424, '1677601268461', 10.13, '2023-02-28 17:21:08', '', 2);
INSERT INTO `transakcija` VALUES (425, '1677601363238', 120.50, '2023-02-28 17:22:43', '', 1);
INSERT INTO `transakcija` VALUES (426, '1677601511678', 1.01, '2023-02-28 17:25:11', '', 2);
INSERT INTO `transakcija` VALUES (427, '1677601833035', 1.01, '2023-02-28 17:30:33', '', 2);
INSERT INTO `transakcija` VALUES (428, '1677601893884', 289.21, '2023-02-28 17:31:33', '', 1);
INSERT INTO `transakcija` VALUES (429, '1677678859884', 250.00, '2023-03-01 14:54:19', 'uplata', 1);
INSERT INTO `transakcija` VALUES (430, '1677679192201', 500.00, '2023-03-01 14:59:52', 'uplata', 1);
INSERT INTO `transakcija` VALUES (431, '1677679406507', 1.69, '2023-03-01 15:03:26', '', 2);
INSERT INTO `transakcija` VALUES (432, '1677679451472', 1.01, '2023-03-01 15:04:11', '', 2);
INSERT INTO `transakcija` VALUES (433, '1677758450096', 21.10, '2023-03-02 13:00:50', '', 2);
INSERT INTO `transakcija` VALUES (434, '1677758481894', 1178.89, '2023-03-02 13:01:21', '', 1);
INSERT INTO `transakcija` VALUES (435, '1677758513872', 530.50, '2023-03-02 13:01:53', '', 1);
INSERT INTO `transakcija` VALUES (436, '1677758629745', 42.20, '2023-03-02 13:03:49', '', 2);
INSERT INTO `transakcija` VALUES (437, '1677758656967', 4.96, '2023-03-02 13:04:16', '', 2);
INSERT INTO `transakcija` VALUES (438, '1677758725230', 4.22, '2023-03-02 13:05:25', '', 2);
INSERT INTO `transakcija` VALUES (439, '1677758811724', 0.17, '2023-03-02 13:06:51', '', 2);
INSERT INTO `transakcija` VALUES (440, '1677758889555', 10.13, '2023-03-02 13:08:09', '', 2);
INSERT INTO `transakcija` VALUES (441, '1677758965057', 10.13, '2023-03-02 13:09:25', '', 2);
INSERT INTO `transakcija` VALUES (442, '1677759039747', 10.13, '2023-03-02 13:10:39', '', 2);
INSERT INTO `transakcija` VALUES (443, '1677759274514', 10.13, '2023-03-02 13:14:34', '', 2);
INSERT INTO `transakcija` VALUES (444, '1677759393695', 10.13, '2023-03-02 13:16:33', '', 2);
INSERT INTO `transakcija` VALUES (445, '1677759487703', 10.13, '2023-03-02 13:18:07', '', 2);
INSERT INTO `transakcija` VALUES (446, '1677759541080', 10.13, '2023-03-02 13:19:01', '', 2);
INSERT INTO `transakcija` VALUES (447, '1677759599472', 10.13, '2023-03-02 13:19:59', '', 2);
INSERT INTO `transakcija` VALUES (448, '1677759660270', 10.13, '2023-03-02 13:21:00', '', 2);
INSERT INTO `transakcija` VALUES (449, '1677759707705', 10.13, '2023-03-02 13:21:47', '', 2);
INSERT INTO `transakcija` VALUES (450, '1677759767269', 0.04, '2023-03-02 13:22:47', '', 2);
INSERT INTO `transakcija` VALUES (451, '1677761563572', 1000.00, '2023-03-02 13:52:43', '', 1);
INSERT INTO `transakcija` VALUES (452, '1677761583259', 1000.00, '2023-03-02 13:53:03', '', 1);
INSERT INTO `transakcija` VALUES (453, '1677768366577', 100.00, '2023-03-02 15:46:06', '', 1);
INSERT INTO `transakcija` VALUES (454, '1677768440344', 1.00, '2023-03-02 15:47:20', '', 3);
INSERT INTO `transakcija` VALUES (455, '1677768467326', 1.00, '2023-03-02 15:47:47', '', 1);
INSERT INTO `transakcija` VALUES (456, '1677768589563', 120.00, '2023-03-02 15:49:49', '', 1);
INSERT INTO `transakcija` VALUES (457, '1677768662507', 2.00, '2023-03-02 15:51:02', '', 1);
INSERT INTO `transakcija` VALUES (458, '1677770335462', 10.17, '2023-03-02 16:18:55', '', 2);
INSERT INTO `transakcija` VALUES (459, '1677770335472', 14.60, '2023-03-02 16:18:55', '', 3);
INSERT INTO `transakcija` VALUES (460, '1677934709270', 9.44, '2023-03-04 13:58:29', '', 2);
INSERT INTO `transakcija` VALUES (461, '1677934946158', 235.78, '2023-03-04 14:02:26', '', 1);
INSERT INTO `transakcija` VALUES (462, '1678103278005', 5.00, '2023-03-06 12:47:58', '', 2);
INSERT INTO `transakcija` VALUES (463, '1679153739004', 0.00, '2023-03-18 16:35:39', '', 1);
INSERT INTO `transakcija` VALUES (464, '1679154209910', 100000.00, '2023-03-18 16:43:29', '', 1);
INSERT INTO `transakcija` VALUES (465, '1679322217379', 200.00, '2023-03-20 15:23:37', 'uplata', 1);
INSERT INTO `transakcija` VALUES (466, '1679412513170', 500.00, '2023-03-21 16:28:33', 'uplata', 1);
INSERT INTO `transakcija` VALUES (467, '1679412621563', 250.00, '2023-03-21 16:30:21', 'uplata', 1);
INSERT INTO `transakcija` VALUES (468, '1679412749108', 250.00, '2023-03-21 16:32:29', 'uplata', 1);
INSERT INTO `transakcija` VALUES (469, '1679412861069', 250.00, '2023-03-21 16:34:21', 'uplata', 1);
INSERT INTO `transakcija` VALUES (470, '1679413007956', 250.00, '2023-03-21 16:36:47', 'uplata', 1);
INSERT INTO `transakcija` VALUES (471, '1679413072308', 250.00, '2023-03-21 16:37:52', 'uplata', 1);
INSERT INTO `transakcija` VALUES (472, '1679413243906', 5.00, '2023-03-21 16:40:43', 'uplata', 1);
INSERT INTO `transakcija` VALUES (473, '1679413274038', 5.00, '2023-03-21 16:41:14', 'uplata', 1);
INSERT INTO `transakcija` VALUES (474, '1679413844715', 117.89, '2023-03-21 16:50:44', '', 1);
INSERT INTO `transakcija` VALUES (475, '1679413894936', 117.89, '2023-03-21 16:51:34', '', 1);
INSERT INTO `transakcija` VALUES (476, '1679413992532', 117.89, '2023-03-21 16:53:12', '', 1);
INSERT INTO `transakcija` VALUES (477, '1679492449650', 50.00, '2023-03-22 14:40:49', '', 2);
INSERT INTO `transakcija` VALUES (478, '1679492935567', 50000.00, '2023-03-22 14:48:55', 'uplata', 1);
INSERT INTO `transakcija` VALUES (479, '1679493258396', 200.00, '2023-03-22 14:54:18', 'uplata', 2);
INSERT INTO `transakcija` VALUES (480, '1679495674286', 2.00, '2023-03-22 15:34:34', 'uplata', 1);
INSERT INTO `transakcija` VALUES (500, '1680013180011', 1.00, '2023-03-28 14:19:39', 'uplata', 1);
INSERT INTO `transakcija` VALUES (501, '1680013289897', 0.99, '2023-03-28 14:21:29', 'uplata', 1);
INSERT INTO `transakcija` VALUES (502, '1680013461508', 1.00, '2023-03-28 14:24:21', 'uplata', 1);
INSERT INTO `transakcija` VALUES (503, '1680013615798', 1.00, '2023-03-28 16:26:55', 'uplata', 1);

-- ----------------------------
-- Table structure for valuta
-- ----------------------------
DROP TABLE IF EXISTS `valuta`;
CREATE TABLE `valuta`  (
  `valuta_id` int(10) UNSIGNED NOT NULL AUTO_INCREMENT,
  `naziv` varchar(100) CHARACTER SET utf8 COLLATE utf8_unicode_ci NOT NULL,
  `sifra` varchar(10) CHARACTER SET utf8 COLLATE utf8_unicode_ci NOT NULL,
  `srednji_kurs` float NOT NULL,
  `kupovni_kurs` float NOT NULL,
  `prodajni_kurs` float NOT NULL,
  PRIMARY KEY (`valuta_id`) USING BTREE
) ENGINE = InnoDB AUTO_INCREMENT = 4 CHARACTER SET = utf8 COLLATE = utf8_unicode_ci ROW_FORMAT = Dynamic;

-- ----------------------------
-- Records of valuta
-- ----------------------------
INSERT INTO `valuta` VALUES (1, 'dinar', 'rsd', 0, 0, 0);
INSERT INTO `valuta` VALUES (2, 'evro', 'eur', 117.302, 118.476, 117.889);
INSERT INTO `valuta` VALUES (3, 'dolar', 'usd', 119.904, 121.103, 120.504);

SET FOREIGN_KEY_CHECKS = 1;
